-59319635968,-10099441664,0,0,0,0,118953287680,0,0,42094661632,0,0,0,-21783470080
59319635968,10099441664,0,0,0,0,-118953287680,0,0,-42094661632,0,0,0,21783470080
59319635968,10099441664,0,0,0,0,-118953287680,0,0,-42094661632,0,0,0,21783470080
59319635968,10099441664,0,0,0,0,-118953287680,0,0,-42094661632,0,0,0,21783470080
-59319635968,-10099441664,0,0,0,0,118953287680,0,0,42094661632,0,0,0,-21783470080
-59319635968,-10099441664,0,0,0,0,118953287680,0,0,42094661632,0,0,0,-21783470080
59319635968,10099441664,0,0,0,0,-118953287680,0,0,-42094661632,0,0,0,21783470080
-59319635968,-10099441664,0,0,0,0,118953287680,0,0,42094661632,0,0,0,-21783470080
59319635968,10099441664,0,0,0,0,-118953287680,0,0,-42094661632,0,0,0,21783470080
59319635968,10099441664,0,0,0,0,-118953287680,0,0,-42094661632,0,0,0,21783470080
-59319635968,-10099441664,0,0,0,0,118953287680,0,0,42094661632,0,0,0,-21783470080
-59319635968,-10099441664,0,0,0,0,118953287680,0,0,42094661632,0,0,0,-21783470080
59319635968,10099441664,0,0,0,0,-118953287680,0,0,-42094661632,0,0,0,21783470080
59319635968,10099441664,0,0,0,0,-118953287680,0,0,-42094661632,0,0,0,21783470080
0,-47166423040,0,0,0,125362307072,0,81790435328,-60017717248,145316347904,-59945848832,59054817280,0,0
0,-18120151040,0,0,0,48161038336,0,31421822976,-23057293312,55826874368,-23029682176,22687371264,0,0
0,0,0,0,0,0,0,0,0,0,0,0,0,0
0,0,0,0,0,0,0,0,0,0,0,0,0,0
0,0,0,0,0,0,0,0,0,0,0,0,0,0
0,0,0,0,0,0,0,0,0,0,0,0,0,0
0,-4302124544,0,0,0,11434494976,0,7460235264,-5474311168,13254535168,-5467756032,5386483712,0,0
0,0,0,0,0,0,0,0,0,0,0,0,0,0
0,0,0,0,0,0,0,0,0,0,0,0,0,0
0,-4090990592,0,0,0,10873328640,0,7094112256,-5205650432,12604046336,-5199416832,5122132992,0,0
0,0,0,0,0,0,0,0,0,0,0,0,0,0
0,0,0,0,0,0,0,0,0,0,0,0,0,0
0,0,0,0,0,0,0,0,0,0,0,0,0,0
0,-42260963328,0,0,0,112324222976,0,73283960832,-53775679488,130202976256,-53711286272,52912922624,0,0
0,0,0,0,0,0,0,0,0,0,0,0,0,0
0,178658295808,-144089759744,0,0,0,0,0,30028861440,0,5421386752,0,0,119250264064
0,0,0,0,0,0,0,0,0,0,0,0,0,0
0,0,0,0,0,0,0,0,0,0,0,0,0,0
0,0,0,0,0,0,0,0,0,0,0,0,0,0
0,192482328576,-155238989824,0,0,0,0,0,32352403456,0,5840877056,0,0,128477487104
0,0,0,0,0,0,0,0,0,0,0,0,0,0
0,13529680896,-10911826944,0,0,0,0,0,2274066944,0,410558208,0,0,9030748160
0,78145298432,-63024992256,0,0,0,0,0,13134651392,0,2371319552,0,0,52160176128
0,77942931456,-62861783040,0,0,0,0,0,13100638208,0,2365178624,0,0,52025102336
0,18470748160,-14896849920,0,0,0,0,0,3104560896,0,560494912,0,0,12328796160
0,215281418240,-173626687488,0,0,0,0,0,36184473600,0,6532715520,0,0,143695347712
0,0,0,0,0,0,0,0,0,0,0,0,0,0
0,0,0,0,0,0,0,0,0,0,0,0,0,0
0,0,0,0,0,0,0,0,0,0,0,0,0,0
0,0,0,-61687889920,0,-165191794688,-33115465728,38776623104,155588640768,0,55444254720,0,-103170039808,0
0,0,0,-53996457984,0,-144595206144,-28986531840,33941837824,136189386752,0,48531300352,0,-90306494464,0
0,0,0,0,0,0,0,0,0,0,0,0,0,0
0,0,0,0,0,0,0,0,0,0,0,0,0,0
0,0,0,0,0,0,0,0,0,0,0,0,0,0
0,0,0,0,0,0,0,0,0,0,0,0,0,0
0,0,0,0,0,0,0,0,0,0,0,0,0,0
0,0,0,-78924767232,0,-211349831680,-42368618496,49611620352,199063355392,0,70936535040,0,-131997908992,0
0,0,0,0,0,0,0,0,0,0,0,0,0,0
0,0,0,-102788653056,0,-275254083584,-55179296768,64612311040,259252633600,0,92385075200,0,-171909120000,0
0,0,0,0,0,0,0,0,0,0,0,0,0,0
0,0,0,0,0,0,0,0,0,0,0,0,0,0
0,0,0,-63381725184,0,-169727672320,-34024757248,39841357824,159860817920,0,56966651904,0,-106002907136,0
0,0,0,0,0,0,0,0,0,0,0,0,0,0
0,0,0,0,0,0,0,0,0,0,0,0,0,0
0,0,0,0,0,0,0,0,0,0,0,0,0,0
69888245760,44610125824,-7861671936,0,43542097920,0,0,0,0,0,46786633728,-123915264000,0,0
0,0,0,0,0,0,0,0,0,0,0,0,0,0
3591541504,2292504576,-404009632,0,2237618944,0,0,0,0,0,2404355072,-6367978496,0,0
63916658688,40798425088,-7189933568,0,39821651968,0,0,0,0,0,42788962304,-113327357952,0,0
101222735872,64611139584,-11386464256,0,63064260608,0,0,0,0,0,67763490816,-179472859136,0,0
92691963904,59165888512,-10426844160,0,57749377024,0,0,0,0,0,62052569088,-164347379712,0,0
0,0,0,0,0,0,0,0,0,0,0,0,0,0
222805557248,142218248192,-25063217152,0,138813341696,0,0,0,0,0,149157019648,-395045142528,0,0
0,0,0,0,0,0,0,0,0,0,0,0,0,0
36883529728,23543001088,-4148998912,0,22979348480,0,0,0,0,0,24691654656,-65396301824,0,0
0,0,0,0,0,0,0,0,0,0,0,0,0,0
129249886208,-125256392704,0,26733764608,-13768122368,-134856114176,0,0,0,-56431312896,-19543906304,0,-38145359872,0
25663168512,-24870240256,0,5308113408,-2733724928,-26776309760,0,0,0,-11204700160,-3880534016,0,-7573939200,0
224175210496,-217248759808,0,46367907840,-23879878656,-233898819584,0,0,0,-97876303872,-33897586688,0,-66160549888,0
0,0,0,0,0,0,0,0,0,0,0,0,0,0
83293372416,-80719814656,0,17228218368,-8872682496,-86906224640,0,0,0,-36366409728,-12594810880,0,-24582268928,0
0,0,0,0,0,0,0,0,0,0,0,0,0,0
0,0,0,0,0,0,0,0,0,0,0,0,0,0
0,0,0,0,0,0,0,0,0,0,0,0,0,0
0,0,0,0,0,0,0,0,0,0,0,0,0,0
0,0,0,0,0,0,0,0,0,0,0,0,0,0
78562459648,-76135079936,0,16249687040,-8368730624,-81970110464,0,0,0,-34300862464,-11879448576,0,-23186040832,0
16481611776,-15972371456,0,3409020416,-1755675392,-17196503040,0,0,0,-7195975168,-2492188416,0,-4864197632,0
0,0,0,0,0,0,0,0,0,0,0,0,0,0
0,0,0,0,0,0,0,0,0,0,0,0,0,0
187735539712,-171739086848,0,0,0,0,0,89289162752,0,357419745280,51421265920,0,-24390955008,0
15148128256,-13857395712,0,0,0,0,0,7204622336,0,28839718912,4149112576,0,-1968073216,0
0,0,0,0,0,0,0,0,0,0,0,0,0,0
93095419904,-85163008000,0,0,0,0,0,44277243904,0,177239441408,25499082752,0,-12095131648,0
151296851968,-138405232640,0,0,0,0,0,71958503424,0,288046055424,41440608256,0,-19656769536,0
2792734976,-2554773504,0,0,0,0,0,1328256640,0,5316940288,764937536,0,-362837376,0
0,0,0,0,0,0,0,0,0,0,0,0,0,0
0,0,0,0,0,0,0,0,0,0,0,0,0,0
0,0,0,0,0,0,0,0,0,0,0,0,0,0
48076357632,-43979898880,0,0,0,0,0,22865664000,0,91530035200,13168242688,0,-6246170624,0
39065100288,-35736465408,0,0,0,0,0,18579806208,0,74373971968,10700035072,0,-5075410944,0
0,0,0,0,0,0,0,0,0,0,0,0,0,0
58075897856,-53127401472,0,0,0,0,0,27621558272,0,110567628800,15907142656,0,-7545329664,0
0,0,0,0,0,0,0,0,0,0,0,0,0,0
-1985342976,0,0,0,-93331988480,46566113280,90721755136,0,0,0,33179074560,40732176384,76868501504,188033089536
-749712.5,0,0,0,-35244368,17584466,34258680,0,0,0,12529204,15381435,29027366,71005744
0,0,0,0,0,0,0,0,0,0,0,0,0,0
0,0,0,0,0,0,0,0,0,0,0,0,0,0
0,0,0,0,0,0,0,0,0,0,0,0,0,0
0,0,0,0,0,0,0,0,0,0,0,0,0,0
0,0,0,0,0,0,0,0,0,0,0,0,0,0
-898091264,0,0,0,-42219728896,21064681472,41038962688,0,0,0,15008911360,18425638912,34772295680,85058797568
0,0,0,0,0,0,0,0,0,0,0,0,0,0
-50863120,0,0,0,-2391101184,1192991616,2324228864,0,0,0,850025024,1043530304,1969318016,4817277952
-407629536,0,0,0,-19162871808,9560928256,18626940928,0,0,0,6812309504,8363108864,15782599680,38606852096
0,0,0,0,0,0,0,0,0,0,0,0,0,0
-388097344,0,0,0,-18244653056,9102801920,17734402048,0,0,0,6485886976,7962377216,15026352128,36756946944
0,0,0,0,0,0,0,0,0,0,0,0,0,0
-12290751488,0,0,21665363968,4889882112,0,25561780224,0,0,34004781056,-14628440064,0,0,18748835840
0,0,0,0,0,0,0,0,0,0,0,0,0,0
0,0,0,0,0,0,0,0,0,0,0,0,0,0
0,0,0,0,0,0,0,0,0,0,0,0,0,0
-11507569664,0,0,20284819456,4578292736,0,23932952576,0,0,31837952000,-13696296960,0,0,17554135040
-38857052160,0,0,68494766080,15459298304,0,80813236224,0,0,107505672192,-46247620608,0,0,59274199040
-4080376576,0,0,7192631296,1623379968,0,8486193152,0,0,11289163776,-4856459776,0,0,6224379904
0,0,0,0,0,0,0,0,0,0,0,0,0,0
0,0,0,0,0,0,0,0,0,0,0,0,0,0
0,0,0,0,0,0,0,0,0,0,0,0,0,0
-3762773760,0,0,6632781312,1497021568,0,7825656832,0,0,10410454016,-4478449664,0,0,5739895296
-42695122944,0,0,75260280832,16986277888,0,88795496448,0,0,118124453888,-50815692800,0,0,65128960000
-26277748736,0,0,46320762880,10454617088,0,54651342848,0,0,72702558208,-31275749376,0,0,40085196800
-17705682944,0,0,31210465280,7044215296,0,36823523328,0,0,48986251264,-21073285120,0,0,27009001472
37196800000,0,0,64215863296,21073670144,0,0,0,40345493504,0,0,22626301952,0,0
0,0,0,0,0,0,0,0,0,0,0,0,0,0
0,0,0,0,0,0,0,0,0,0,0,0,0,0
32321009664,0,0,55798390784,18311315456,0,0,0,35056971776,0,0,19660427264,0,0
4882977280,0,0,8429881344,2766427648,0,0,0,5296319488,0,0,2970247936,0,0
0,0,0,0,0,0,0,0,0,0,0,0,0,0
33239973888,0,0,57384873984,18831949824,0,0,0,36053725184,0,0,20219418624,0,0
0,0,0,0,0,0,0,0,0,0,0,0,0,0
0,0,0,0,0,0,0,0,0,0,0,0,0,0
67229974528,0,0,116064575488,38088822784,0,0,0,72920965120,0,0,40895070208,0,0
27613425664,0,0,47671304192,15644255232,0,0,0,29950892032,0,0,16796867584,0,0
0,0,0,0,0,0,0,0,0,0,0,0,0,0
0,0,0,0,0,0,0,0,0,0,0,0,0,0
125888667648,0,0,217331859456,71321632768,0,0,0,136545099776,0,0,76576350208,0,0
-19017598976,78407016448,1305044864,0,-11871447040,15036721152,34772856832,31639091200,0,0,0,61974212608,-29237540864,-24889092096
0,0,0,0,0,0,0,0,0,0,0,0,0,0
0,0,0,0,0,0,0,0,0,0,0,0,0,0
-9785332736,40343621632,671499008,0,-6108345344,7737008640,17892059136,16279608320,0,0,0,31888269312,-15043912704,-12806457344
-866809664,3573740544,59483088,0,-541092736,685363904,1584924032,1442089088,0,0,0,2824743936,-1332627968,-1134428544
0,0,0,0,0,0,0,0,0,0,0,0,0,0
0,0,0,0,0,0,0,0,0,0,0,0,0,0
0,0,0,0,0,0,0,0,0,0,0,0,0,0
-18265583616,75306557440,1253439360,0,-11402012672,14442122240,33397829632,30387984384,0,0,0,59523559424,-28081397760,-23904901120
0,0,0,0,0,0,0,0,0,0,0,0,0,0
0,0,0,0,0,0,0,0,0,0,0,0,0,0
-25761423360,106210910208,1767826432,0,-16081177600,20368889856,47103651840,42858622976,0,0,0,83950870528,-39605460992,-33715007488
0,0,0,0,0,0,0,0,0,0,0,0,0,0
0,0,0,0,0,0,0,0,0,0,0,0,0,0
0,-23526625280,-19272691712,-16391359488,-48047063040,0,-22712823808,39877468160,-41707610112,15545652224,0,95553175552,0,50434609152
0,-10238627840,-8387344896,-7133408768,-20909756416,0,-9884467200,17354403840,-18150868992,6765362688,0,41584095232,0,21948801024
0,-707298944,-579409664,-492785984,-1444475648,0,-682833024,1198866816,-1253887744,467360832,0,2872688128,0,1516254336
0,0,0,0,0,0,0,0,0,0,0,0,0,0
0,-2143265920,-1755734400,-1493246208,-4377068032,0,-2069129088,3632821248,-3799546368,1416202624,0,8704855040,0,4594572800
0,-13461304320,-11027317760,-9378697216,-27491244032,0,-12995670016,22816819200,-23863977984,8894806016,0,54672965632,0,28857333760
0,-24027604992,-19683088384,-16740401152,-49070190592,0,-23196475392,40726626304,-42595741696,15876684800,0,97587904512,0,51508576256
0,-16968192000,-13900112896,-11821999104,-34653155328,0,-16381251584,28760969216,-30080929792,11212046336,0,68916158464,0,36375134208
0,0,0,0,0,0,0,0,0,0,0,0,0,0
0,0,0,0,0,0,0,0,0,0,0,0,0,0
0,0,0,0,0,0,0,0,0,0,0,0,0,0
0,-20651325440,-16917285888,-14388094976,-42175004672,0,-19936983040,35003854848,-36610326528,13645745152,0,83875168256,0,44270759936
0,-14174113792,-11611242496,-9875322880,-28946972672,0,-13683822592,24025026560,-25127634944,9365808128,0,57568038912,0,30385401856
0,-8721212416,-7144299008,-6076202496,-17810827264,0,-8419540480,14782395392,-15460820992,5762702336,0,35421126656,0,18695880704
0,0,0,0,0,0,0,0,0,0,0,0,0,0
0,-125447280,0,-2378102016,-3037896960,-933337856,0,-138875664,0,1351983232,0,382121056,2747618560,6834236416
0,-673906048,0,-12775225344,-16319661056,-5013915648,0,-746043712,0,7262888960,0,2052764288,14760279040,36713697280
0,-153408224,0,-2908157184,-3715013632,-1141369472,0,-169829664,0,1653326720,0,467292000,3360035328,8357518848
0,-1558052352,0,-29535971328,-37730611200,-11592035328,0,-1724832512,0,16791600128,0,4745934848,34125359104,84881055744
0,0,0,0,0,0,0,0,0,0,0,0,0,0
0,-636247360,0,-12061330432,-15407698944,-4733731840,0,-704353856,0,6857029632,0,1938053248,13935456256,34662088704
0,-60867120,0,-1153856896,-1473990016,-452856288,0,-67382584,0,655983296,0,185405440,1333146752,3315976960
0,-1100724352,0,-20866414592,-26655717376,-8189478400,0,-1218550400,0,11862839296,0,3352882432,24108699648,59966312448
0,-2501891840,0,-47428321280,-60587118592,-18614276096,0,-2769704448,0,26963642368,0,7620934656,54797877248,136300445696
0,0,0,0,0,0,0,0,0,0,0,0,0,0
0,-2160447744,0,-40955572224,-52318531584,-16073905152,0,-2391710720,0,23283795968,0,6580872704,47319371776,117698920448
0,0,0,0,0,0,0,0,0,0,0,0,0,0
0,-3965079808,0,-75165949952,-96020447232,-29500514304,0,-4389517824,0,42732859392,0,12077905920,86845464576,216013389824
0,0,0,0,0,0,0,0,0,0,0,0,0,0
0,53747417088,0,-4998776320,8910198784,0,0,0,35549102080,-18089646080,0,-12851790848,0,47291052032
0,0,0,0,0,0,0,0,0,0,0,0,0,0
0,41039777792,0,-3816903168,6803537920,0,0,0,27144138752,-13812665344,0,-9813209088,0,36109905920
0,57101692928,0,-5310740992,9466267648,0,0,0,37767655424,-19218587648,0,-13653847040,0,50242396160
0,99022569472,0,-9209589760,16415873024,0,0,0,65494560768,-33327800320,0,-23677739008,0,87127556096
0,0,0,0,0,0,0,0,0,0,0,0,0,0
0,6291244032,0,-585116928,1042956864,0,0,0,4161094656,-2117429632,0,-1504328192,0,5535513088
0,0,0,0,0,0,0,0,0,0,0,0,0,0
0,54094376960,0,-5031045632,8967717888,0,0,0,35778584576,-18206420992,0,-12934754304,0,47596331008
0,0,0,0,0,0,0,0,0,0,0,0,0,0
0,192481624064,0,-17901746176,31909433344,0,0,0,127309357056,-64783101952,0,-46025162752,0,169359917056
0,38197739520,0,-3552579328,6332387328,0,0,0,25264384000,-12856126464,0,-9133636608,0,33609265152
0,134912548864,0,-12547536896,22365683712,0,0,0,89232572416,-45407211520,0,-32259557376,0,118706290688
0,0,0,0,0,0,0,0,0,0,0,0,0,0
-13952600064,20708169728,0,36629798912,0,0,7161750016,20259803136,-5456940032,839166400,0,0,13244819456,0
0,0,0,0,0,0,0,0,0,0,0,0,0,0
-14148763648,20999313408,0,37144788992,0,0,7262439424,20544643072,-5533661184,850964544,0,0,13431032832,0
-29089792000,43174486016,0,76369510400,0,0,14931540992,42239688704,-11377180672,1749579008,0,0,27614140416,0
0,0,0,0,0,0,0,0,0,0,0,0,0,0
0,0,0,0,0,0,0,0,0,0,0,0,0,0
0,0,0,0,0,0,0,0,0,0,0,0,0,0
-137523019776,204108922880,0,361039593472,0,0,70589390848,199689633792,-53786030080,8271197184,0,0,130546835456,0
-20722145280,30755393536,0,54401904640,0,0,10636499968,30089488384,-8104547328,1246314496,0,0,19670962176,0
0,0,0,0,0,0,0,0,0,0,0,0,0,0
-123424325632,183183917056,0,324026236928,0,0,63352651776,179217678336,-48271949824,7423243776,0,0,117163327488,0
0,0,0,0,0,0,0,0,0,0,0,0,0,0
-16249368576,24116987904,0,42659512320,0,0,8340661760,23594815488,-6355219456,977303488,0,0,15425079296,0
-153168674816,-7446047744,0,128672325632,0,0,0,135276494848,-41764790272,136998248448,0,146311495680,-77232824320,126325604352
-114969862144,-5589074432,0,96582672384,0,0,0,101539823616,-31349051392,102832185344,0,109822803968,-57971691520,94821203968
0,0,0,0,0,0,0,0,0,0,0,0,0,0
-12364917760,-601100544,0,10387390464,0,0,0,10920527872,-3371565568,11059520512,0,11811355648,-6234809856,10197945344
0,0,0,0,0,0,0,0,0,0,0,0,0,0
0,0,0,0,0,0,0,0,0,0,0,0,0,0
-33479428096,-1627548416,0,28125046784,0,0,0,29568577536,-9128899584,29944915968,0,31980595200,-16881460224,27612102656
-45087739904,-2191867904,0,37876834304,0,0,0,39820881920,-12294160384,40327708672,0,43069218816,-22734764032,37186039808
-58646478848,-2851003904,0,49267113984,0,0,0,51795771392,-15991245824,52455010304,0,56020946944,-29571536896,48368582656
-13619824640,-662105792,0,11441598464,0,0,0,12028844032,-3713743360,12181943296,0,13010080768,-6867575808,11232927744
0,0,0,0,0,0,0,0,0,0,0,0,0,0
0,0,0,0,0,0,0,0,0,0,0,0,0,0
-72552579072,-3527026688,0,60949209088,0,0,0,64077455360,-19783049216,64893009920,0,69304492032,-36583464960,59837620224
0,0,0,0,0,0,0,0,0,0,0,0,0,0
17846929408,0,0,0,2357852928,20127848448,0,0,46541369344,36857106432,28758642688,23478040576,-29499033600,-37769170944
37675991040,0,0,0,4977575936,42491154432,0,0,98251751424,77807673344,60711301120,49563619328,-62274314240,-79733096448
0,0,0,0,0,0,0,0,0,0,0,0,0,0
5592201216,0,0,0,738815552,6306910208,0,0,14583388160,11548898304,9011304448,7356667904,-9243300864,-11834686464
0,0,0,0,0,0,0,0,0,0,0,0,0,0
0,0,0,0,0,0,0,0,0,0,0,0,0,0
0,0,0,0,0,0,0,0,0,0,0,0,0,0
49613369344,0,0,0,6554686976,55954186240,0,0,129382154240,102460506112,79947268096,65267511296,-82005508096,-104995979264
6048628224,0,0,0,799116480,6821670400,0,0,15773661184,12491501568,9746793472,7957107200,-9997724672,-12800614400
1099003904,0,0,0,145195280,1239461760,0,0,2865991424,2269640192,1770941184,1445764608,-1816534016,-2325804544
0,0,0,0,0,0,0,0,0,0,0,0,0,0
23595413504,0,0,0,3117315840,26611015680,0,0,61532311552,48728756224,38021783552,31040301056,-39000653824,-49934594048
2330289664,0,0,0,307866976,2628111360,0,0,6076947968,4812465664,3755041792,3065548800,-3851715328,-4931554304
1381074944,0,0,0,182461168,1557582592,0,0,3601578496,2852167168,2225472000,1816835328,-2282766592,-2922746624
25549524992,8767210496,-11043237888,0,-4629300736,43101003776,0,0,-7529223168,0,0,0,24132499456,0
0,0,0,0,0,0,0,0,0,0,0,0,0,0
0,0,0,0,0,0,0,0,0,0,0,0,0,0
0,0,0,0,0,0,0,0,0,0,0,0,0,0
19866894336,6817240064,-8587041792,0,-3599668992,33514637312,0,0,-5854601216,0,0,0,18765037568,0
81593106432,27998326784,-35266879488,0,-14783798272,137644228608,0,0,-24044779520,0,0,0,77067796480,0
0,0,0,0,0,0,0,0,0,0,0,0,0,0
0,0,0,0,0,0,0,0,0,0,0,0,0,0
9156166656,3141899776,-3957558016,0,-1658999552,15446078464,0,0,-2698242816,0,0,0,8648348672,0
33633769472,11541284864,-14537480192,0,-6094079488,56738791424,0,0,-9911579648,0,0,0,31768375296,0
168678440960,57881288704,-72907661312,0,-30562729984,284553609216,0,0,-49708072960,0,0,0,159323209728,0
17114288128,5872694784,-7397286400,0,-3100925952,28871102464,0,0,-5043431936,0,0,0,16165096448,0
49711251456,17058203648,-21486628864,0,-9007147008,83860840448,0,0,-14649474048,0,0,0,46954168320,0
13196760064,4528412160,-5704018432,0,-2391111936,22262394880,0,0,-3888970752,0,0,0,12464842752,0
0,0,0,13596174336,0,-14188621824,0,0,0,-3218218496,0,0,0,27040749568
0,0,0,44650688512,0,-46596317184,0,0,0,-10568830976,0,0,0,88803508224
0,0,0,76340502528,0,-79667003392,0,0,0,-18069819392,0,0,0,151829790720
0,0,0,0,0,0,0,0,0,0,0,0,0,0
0,0,0,42741800960,0,-44604256256,0,0,0,-10116997120,0,0,0,85007024128
0,0,0,70384541696,0,-73451511808,0,0,0,-16660041728,0,0,0,139984273408
0,0,0,0,0,0,0,0,0,0,0,0,0,0
0,0,0,0,0,0,0,0,0,0,0,0,0,0
0,0,0,40880812032,0,-42662174720,0,0,0,-9676499968,0,0,0,81305796608
0,0,0,0,0,0,0,0,0,0,0,0,0,0
0,0,0,0,0,0,0,0,0,0,0,0,0,0
0,0,0,0,0,0,0,0,0,0,0,0,0,0
0,0,0,46945431552,0,-48991055872,0,0,0,-11111997440,0,0,0,93367410688
0,0,0,0,0,0,0,0,0,0,0,0,0,0
0,0,0,0,0,0,0,0,0,0,0,0,0,0
0,0,0,0,0,0,0,0,0,0,0,0,0,0
0,0,0,0,0,0,0,0,0,0,0,0,0,0
0,0,0,0,7936547840,0,94018748416,0,0,0,0,22733273088,274122080256,0
0,0,0,0,0,0,0,0,0,0,0,0,0,0
0,0,0,0,3289292544,0,38965952512,0,0,0,0,9421776896,113609555968,0
0,0,0,0,0,0,0,0,0,0,0,0,0,0
0,0,0,0,0,0,0,0,0,0,0,0,0,0
0,0,0,0,0,0,0,0,0,0,0,0,0,0
0,0,0,0,3154399232,0,37367967744,0,0,0,0,9035392000,108950446080,0
0,0,0,0,0,0,0,0,0,0,0,0,0,0
0,0,0,0,0,0,0,0,0,0,0,0,0,0
0,0,0,0,0,0,0,0,0,0,0,0,0,0
0,0,0,0,5610343424,0,66461822976,0,0,0,0,16070144000,193776812032,0
0,0,0,0,0,0,0,0,0,0,0,0,0,0
0,0,0,0,0,0,0,0,0,0,0,0,0,0
0,0,0,0,0,0,0,0,0,0,0,0,0,0
0,0,0,0,0,0,0,0,0,0,0,0,0,0
2405479680,4031397120,0,0,-23332132864,69349605376,0,0,0,11135177728,59844009984,-72308424704,0,93540958208
0,0,0,0,0,0,0,0,0,0,0,0,0,0
857891584,1437759616,0,0,-8321184768,24732878848,0,0,0,3971255808,21342799872,-25788116992,0,33360496640
0,0,0,0,0,0,0,0,0,0,0,0,0,0
0,0,0,0,0,0,0,0,0,0,0,0,0,0
0,0,0,0,0,0,0,0,0,0,0,0,0,0
0,0,0,0,0,0,0,0,0,0,0,0,0,0
2820116992,4726296576,0,0,-27353937920,81303527424,0,0,0,13054570496,70159433728,-84772372480,0,109664788480
2235579136,3746656768,0,0,-21684168704,64451395584,0,0,0,10348692480,55617187840,-67201236992,0,86934093824
0,0,0,0,0,0,0,0,0,0,0,0,0,0
22341076992,5107309056,21464571904,49232384000,25682309120,-25612845056,0,0,8021939200,26441132032,47474503680,-18953285632,0,-1172503936
7166111232,1638217472,6884963328,15791750144,8237842432,-8215561216,0,0,2573112576,8481242112,15227893760,-6079444992,0,-376091680
0,0,0,0,0,0,0,0,0,0,0,0,0,0
0,0,0,0,0,0,0,0,0,0,0,0,0,0
24607221760,5625363456,23641806848,54226219008,28287367168,-28210855936,0,0,8835636224,29123160064,52290027520,-20875792384,0,-1291435648
16317373440,3730252800,15677195264,35958120448,18757726208,-18706991104,0,0,5859026944,19311951872,34674208768,-13843013632,0,-856368000
0,0,0,0,0,0,0,0,0,0,0,0,0,0
0,0,0,0,0,0,0,0,0,0,0,0,0,0
0,0,0,0,0,0,0,0,0,0,0,0,0,0
23077187584,5275588608,22171801600,50854531072,26528507904,-26456756224,0,0,8286252032,27312334848,49038729216,-19577774080,0,-1211136512
45995655168,10514891776,44191109120,101359288320,52874555392,-52731543552,0,0,16515511296,54436818944,97740169216,-39020892160,0,-2413942784
3070227456,701873024,2949773312,6765770752,3529396736,-3519850752,0,0,1102416640,3633678336,6524193792,-2604659456,0,-161131600
0,0,0,0,0,0,0,0,0,0,0,0,0,0
18831984640,4305108992,18093152256,41499500544,21648412672,-21589858304,0,0,6761940480,22288048128,40017727488,-15976311808,0,-988339840
0,0,-7055994880,0,29249800192,0,0,0,0,0,4928472064,23026952192,0,0
0,0,-13688485888,0,56744017920,0,0,0,0,0,9561135104,44671819776,0,0
0,0,-24355514368,0,100962934784,0,0,0,0,0,17011843072,79483232256,0,0
0,0,-15281764352,0,63348764672,0,0,0,0,0,10674008064,49871417344,0,0
0,0,-3974836480,0,16477219840,0,0,0,0,0,2776344320,12971717632,0,0
0,0,-20277186560,0,84056702976,0,0,0,0,0,14163211264,66173771776,0,0
0,0,0,0,0,0,0,0,0,0,0,0,0,0
0,0,0,0,0,0,0,0,0,0,0,0,0,0
0,0,-16810535936,0,69686108160,0,0,0,0,0,11741825024,54860500992,0,0
0,0,-2304038912,0,9551124480,0,0,0,0,0,1609325440,7519137792,0,0
0,0,-10857034752,0,45006565376,0,0,0,0,0,7583422976,35431489536,0,0
0,0,-2019121536,0,8370032128,0,0,0,0,0,1410316288,6589321216,0,0
0,0,0,0,0,0,0,0,0,0,0,0,0,0
0,0,-13467586560,0,55828303872,0,0,0,0,0,9406841856,43950923776,0,0
0,0,0,0,0,0,0,0,0,0,0,0,0,0
0,0,0,0,0,0,0,0,0,0,0,0,0,0
-80616316928,0,-4478251520,60857765888,0,157056204800,36417015808,0,0,-11755108352,49246932992,-67626549248,0,-30508851200
0,0,0,0,0,0,0,0,0,0,0,0,0,0
-145099603968,0,-8060310016,109536600064,0,282682130432,65546211328,0,0,-21157771264,88638513152,-121719595008,0,-54912233472
0,0,0,0,0,0,0,0,0,0,0,0,0,0
0,0,0,0,0,0,0,0,0,0,0,0,0,0
0,0,0,0,0,0,0,0,0,0,0,0,0,0
0,0,0,0,0,0,0,0,0,0,0,0,0,0
0,0,0,0,0,0,0,0,0,0,0,0,0,0
-19162945536,0,-1064505216,14466228224,0,37333131264,8656526336,0,0,-2794254592,11706268672,-16075206656,0,-7252123136
-143606874112,0,-7977389056,108409733120,0,279774003200,64871903232,0,0,-20940107776,87726637056,-120467398656,0,-54347321344
0,0,0,0,0,0,0,0,0,0,0,0,0,0
0,0,0,0,0,0,0,0,0,0,0,0,0,0
-7805097472,0,0,76694061056,38790148096,-43077623808,0,0,0,0,79641518080,0,0,0
0,0,0,0,0,0,0,0,0,0,0,0,0,0
-32258402304,0,0,316975906816,160319373312,-178039472128,0,0,0,0,329157771264,0,0,0
-2704430336,0,0,26574137344,13440608256,-14926198784,0,0,0,0,27595419648,0,0,0
0,0,0,0,0,0,0,0,0,0,0,0,0,0
-19461584896,0,0,191232458752,96721125376,-107411709952,0,0,0,0,198581796864,0,0,0
-10598562816,0,0,104143069184,52673249280,-58495221760,0,0,0,0,108145434624,0,0,0
0,0,0,0,0,0,0,0,0,0,0,0,0,0
0,0,0,0,0,0,0,0,0,0,0,0,0,0
-9035761664,0,0,88786747392,44906364928,-49869864960,0,0,0,0,92198952960,0,0,0
-13753191424,0,0,135140933632,68351279104,-75906146304,0,0,0,0,140334596096,0,0,0
-9190009856,0,0,90302414848,45672955904,-50721185792,0,0,0,0,93772865536,0,0,0
0,0,0,0,0,0,0,0,0,0,0,0,0,0
-8026449920,0,0,78869102592,39890239488,-44299309056,0,0,0,0,81900158976,0,0,0
-18438006784,-89155837952,0,0,0,53173735424,50423037952,0,0,293520113664,0,95407742976,48206204928,0
0,0,0,0,0,0,0,0,0,0,0,0,0,0
0,0,0,0,0,0,0,0,0,0,0,0,0,0
-12538574848,-60629504000,0,0,0,36160249856,34289666048,0,0,199605305344,0,64881045504,32782129152,0
-3560467968,-17216421888,0,0,0,10268104704,9736932352,0,0,56680148992,0,18423695360,9308850176,0
-9290696704,-44924588032,0,0,0,26793625600,25407580160,0,0,147901349888,0,48074846208,24290543616,0
0,0,0,0,0,0,0,0,0,0,0,0,0,0
0,0,0,0,0,0,0,0,0,0,0,0,0,0
0,0,0,0,0,0,0,0,0,0,0,0,0,0
0,0,0,0,0,0,0,0,0,0,0,0,0,0
-7340006912,-35492147200,0,0,0,21167992832,20072964096,0,0,116847747072,0,37980975104,19190462464,0
0,0,0,0,0,0,0,0,0,0,0,0,0,0
0,0,0,0,0,0,0,0,0,0,0,0,0,0
0,0,0,0,0,0,0,0,0,0,0,0,0,0
40266342400,0,0,0,0,157244293120,78596505600,0,0,27147077632,65367969792,0,81459060736,-37888024576
21223540736,0,0,0,0,82880159744,41426563072,0,0,14308653056,34454081536,0,42935357440,-19969980416
0,0,0,0,0,0,0,0,0,0,0,0,0,0
0,0,0,0,0,0,0,0,0,0,0,0,0,0
0,0,0,0,0,0,0,0,0,0,0,0,0,0
33789575168,0,0,0,0,131951837184,65954402304,0,0,22780520448,54853652480,0,68356521984,-31793805312
3209849600,0,0,0,0,12534800384,6265356288,0,0,2164041728,5210837504,0,6493545984,-3020261120
0,0,0,0,0,0,0,0,0,0,0,0,0,0
0,0,0,0,0,0,0,0,0,0,0,0,0,0
24371515392,0,0,0,0,95173328896,47571144704,0,0,16430979072,39564472320,0,49303728128,-22932021248
0,0,0,0,0,0,0,0,0,0,0,0,0,0
4470904832,0,0,0,0,17459353600,8726830080,0,0,3014229760,7258021376,0,9044668416,-4206832384
17308532736,0,0,0,0,67591634944,33784795136,0,0,11669201920,28098494464,0,35015270400,-16286209024
0,0,0,0,0,0,0,0,0,0,0,0,0,0
262116752,0,1804516736,0,0,1380107776,-1413922944,2000748032,0,0,0,1673057792,0,0
0,0,0,0,0,0,0,0,0,0,0,0,0,0
0,0,0,0,0,0,0,0,0,0,0,0,0,0
0,0,0,0,0,0,0,0,0,0,0,0,0,0
0,0,0,0,0,0,0,0,0,0,0,0,0,0
9770369024,0,67263135744,0,0,51443347456,-52703801344,74577633280,0,0,0,62363021312,0,0
2806053888,0,19317999616,0,0,14774550528,-15136552960,21418725376,0,0,0,17910685696,0,0
0,0,0,0,0,0,0,0,0,0,0,0,0,0
0,0,0,0,0,0,0,0,0,0,0,0,0,0
6441601536,0,44346568704,0,0,33916583936,-34747600896,49169010688,0,0,0,41115922432,0,0
6211013120,0,42759106560,0,0,32702480384,-33503750144,47408918528,0,0,0,39644106752,0,0
0,0,0,0,0,0,0,0,0,0,0,0,0,0
2713514752,0,18680924160,0,0,14287309824,-14637374464,20712372224,0,0,0,17320019968,0,0
7811983872,0,53780832256,0,0,41131978752,-42139783168,59629199360,0,0,0,49862897664,0,0
0,0,49580212224,-49580212224
0,0,0,0
0,0,43390873600,-43390873600
0,0,0,0
0,0,0,0
0,0,34536763392,-34536763392
0,0,107277402112,-107277402112
0,0,127489007616,-127489007616
0,0,0,0
0,0,0,0
0,0,0,0
0,0,189226450944,-189226450944
0,0,0,0
0,0,0,0
7944940544,57644199936,-12801548288,19517683712,26128717824,0,0,0,-91754823680,0,0,0,0,0
-7944940544,-57644199936,12801548288,-19517683712,-26128717824,0,0,0,91754823680,0,0,0,0,0
-7944940544,-57644199936,12801548288,-19517683712,-26128717824,0,0,0,91754823680,0,0,0,0,0
-7944940544,-57644199936,12801548288,-19517683712,-26128717824,0,0,0,91754823680,0,0,0,0,0
7944940544,57644199936,-12801548288,19517683712,26128717824,0,0,0,-91754823680,0,0,0,0,0
7944940544,57644199936,-12801548288,19517683712,26128717824,0,0,0,-91754823680,0,0,0,0,0
-7944940544,-57644199936,12801548288,-19517683712,-26128717824,0,0,0,91754823680,0,0,0,0,0
7944940544,57644199936,-12801548288,19517683712,26128717824,0,0,0,-91754823680,0,0,0,0,0
-7944940544,-57644199936,12801548288,-19517683712,-26128717824,0,0,0,91754823680,0,0,0,0,0
-7944940544,-57644199936,12801548288,-19517683712,-26128717824,0,0,0,91754823680,0,0,0,0,0
7944940544,57644199936,-12801548288,19517683712,26128717824,0,0,0,-91754823680,0,0,0,0,0
7944940544,57644199936,-12801548288,19517683712,26128717824,0,0,0,-91754823680,0,0,0,0,0
-7944940544,-57644199936,12801548288,-19517683712,-26128717824,0,0,0,91754823680,0,0,0,0,0
-7944940544,-57644199936,12801548288,-19517683712,-26128717824,0,0,0,91754823680,0,0,0,0,0
0,-1555172864,11995182080,0,0,0,0,0,10660755456,2473084416,0,0,-13926520832,-2976536320
0,-10282889216,79312805888,0,0,0,0,0,70489497600,16352171008,0,0,-92082921472,-19681021952
0,-5216232960,40233250816,0,0,0,0,0,35757424640,8295016448,0,0,-46711189504,-9983652864
0,-3457188352,26665590784,0,0,0,0,0,23699126272,5497729024,0,0,-30959005696,-6616914944
0,-4571728896,35262136320,0,0,0,0,0,31339333632,7270106112,0,0,-40939679744,-8750099456
0,0,0,0,0,0,0,0,0,0,0,0,0,0
0,0,0,0,0,0,0,0,0,0,0,0,0,0
0,0,0,0,0,0,0,0,0,0,0,0,0,0
0,-32665503744,251951824896,0,0,0,0,0,223922962432,51945701376,0,0,-292518461440,-62520418304
0,0,0,0,0,0,0,0,0,0,0,0,0,0
0,0,0,0,0,0,0,0,0,0,0,0,0,0
0,0,0,0,0,0,0,0,0,0,0,0,0,0
0,0,0,0,0,0,0,0,0,0,0,0,0,0
0,0,0,0,0,0,0,0,0,0,0,0,0,0
0,0,0,0,0,0,0,0,0,0,0,0,0,0
0,73791733760,0,0,0,-19085527040,0,0,55897608192,0,0,286837728,41813639168,35884838912
0,238996832256,0,0,0,-61814247424,0,0,181041299456,0,0,929010624,135426105344,116223893504
0,0,0,0,0,0,0,0,0,0,0,0,0,0
0,0,0,0,0,0,0,0,0,0,0,0,0,0
0,0,0,0,0,0,0,0,0,0,0,0,0,0
0,0,0,0,0,0,0,0,0,0,0,0,0,0
0,0,0,0,0,0,0,0,0,0,0,0,0,0
0,107448459264,0,0,0,-27790516224,0,0,81392746496,0,0,417665632,60885016576,52252065792
0,164966875136,0,0,0,-42667106304,0,0,124963233792,0,0,641246912,93477478400,80223207424
0,0,0,0,0,0,0,0,0,0,0,0,0,0
0,0,0,0,0,0,0,0,0,0,0,0,0,0
0,2031284224,0,0,0,-525372256,0,0,1538707968,0,0,7895856.5,1151014912,987811200
0,44659646464,0,0,0,-11550790656,0,0,33829906432,0,0,173597648,25306118144,21717936128
0,0,0,0,0,0,0,0,0,0,0,0,0,0
0,0,170988224512,-208183066624,0,83031236608,0,26301300736,0,0,214497361920,0,0,0
0,0,0,0,0,0,0,0,0,0,0,0,0,0
0,0,0,0,0,0,0,0,0,0,0,0,0,0
0,0,0,0,0,0,0,0,0,0,0,0,0,0
0,0,155637776384,-189493460992,0,75577122816,0,23940104192,0,0,195240902656,0,0,0
0,0,0,0,0,0,0,0,0,0,0,0,0,0
0,0,0,0,0,0,0,0,0,0,0,0,0,0
0,0,187587608576,-228393287680,0,91091836928,0,28854607872,0,0,235320573952,0,0,0
0,0,0,0,0,0,0,0,0,0,0,0,0,0
0,0,0,0,0,0,0,0,0,0,0,0,0,0
0,0,100081328128,-121851879424,0,48599117824,0,15394446336,0,0,125547716608,0,0,0
0,0,1707708672,-2079184256,0,829256960,0,262678688,0,0,2142247040,0,0,0
0,0,56957075456,-69346877440,0,27658143744,0,8761101312,0,0,71450198016,0,0,0
0,0,0,0,0,0,0,0,0,0,0,0,0,0
0,0,0,0,0,0,0,0,0,0,0,0,0,0
0,116235403264,73772236800,0,0,0,0,224425672704,148354318336,0,-2140663680,139957174272,0,236527599616
0,41873858560,26576484352,0,0,0,0,80849461248,53444714496,0,-771175104,50419642368,0,85209186304
0,0,0,0,0,0,0,0,0,0,0,0,0,0
0,10309180416,6543026688,0,0,0,0,19904821248,13157879808,0,-189860288,12413118464,0,20978167808
0,0,0,0,0,0,0,0,0,0,0,0,0,0
0,95412338688,60556263424,0,0,0,0,184220794880,121777291264,0,-1757173120,114884468736,0,194154725376
0,0,0,0,0,0,0,0,0,0,0,0,0,0
0,0,0,0,0,0,0,0,0,0,0,0,0,0
0,93289865216,59209175040,0,0,0,0,180122746880,119068319744,0,-1718084352,112328826880,0,189835689984
0,0,0,0,0,0,0,0,0,0,0,0,0,0
0,0,0,0,0,0,0,0,0,0,0,0,0,0
0,0,0,0,0,0,0,0,0,0,0,0,0,0
0,0,0,0,0,0,0,0,0,0,0,0,0,0
64981393408,-24835452928,-5587075584,37936361472,50527510528,42202509312,0,39391604736,417433920,0,16214764544,10912091136,0,0
100793589760,-38522638336,-8666194944,58843648000,78373961728,65460932608,0,61100896256,647487872,0,25150959616,16925903872,0,0
0,0,0,0,0,0,0,0,0,0,0,0,0,0
0,0,0,0,0,0,0,0,0,0,0,0,0,0
0,0,0,0,0,0,0,0,0,0,0,0,0,0
0,0,0,0,0,0,0,0,0,0,0,0,0,0
42354720768,-16187691008,-3641642496,24726831104,32933713920,27507496960,0,25675356160,272082432,0,10568745984,7112475136,0,0
49128386560,-18776541184,-4224039936,28681322496,38200709120,31906691072,0,29781540864,315595808,0,12258974720,8249952768,0,0
0,0,0,0,0,0,0,0,0,0,0,0,0,0
83777585152,-32019230720,-7203164672,48909643776,65142845440,54409793536,0,50785820672,538178752,0,20904966144,14068467712,0,0
36580085760,-13980664832,-3145141760,21355581440,28443537408,23757131776,0,22174783488,234986784,0,9127804928,6142761984,0,0
0,0,0,0,0,0,0,0,0,0,0,0,0,0
143169601536,-54718464000,-12309667840,83582910464,111324225536,92982255616,0,86789152768,919707072,0,35725017088,24041955328,0,0
42693308416,32874655744,0,0,0,-12507872256,41118494720,22862010368,0,50335293440,0,66319441920,-28851468288,6321327616
27395803136,21095286784,0,0,0,-8026157568,26385262592,14670287872,0,32299577344,0,42556420096,-18513653760,4056323328
3219292928,2478916352,0,0,0,-943157248,3100543744,1723911936,0,3795537408,0,5000823808,-2175547648,476660320
17187373056,13234603008,0,0,0,-5035390464,16553388032,9203735552,0,20263866368,0,26698727424,-11614957568,2544825600
69100683264,53208834048,0,0,0,-20244449280,66551791616,37003001856,0,81469521920,0,107340447744,-46697160704,10231301120
67104067584,51671400448,0,0,0,-19659499520,64628822016,35933822976,0,79115509760,0,104238915584,-45347876864,9935674368
0,0,0,0,0,0,0,0,0,0,0,0,0,0
18964187136,14602783744,0,0,0,-5555943936,18264662016,10155208704,0,22358726656,0,29458817024,-12815700992,2807907328
1709778432,1316561792,0,0,0,-500914336,1646710400,915576128,0,2015824128,0,2655956224,-1155441536,253156080
0,0,0,0,0,0,0,0,0,0,0,0,0,0
23337244672,17970120704,0,0,0,-6837120512,22476412928,12496954368,0,27514548224,0,36251889664,-15770944512,3455398144
86069673984,66275278848,0,0,0,-25215860736,82894848000,46089793536,0,101475917824,0,133699944448,-58164539392,12743792640
0,0,0,0,0,0,0,0,0,0,0,0,0,0
0,0,0,0,0,0,0,0,0,0,0,0,0,0
3827354368,0,16472987648,2186439424,0,0,0,13052790784,23072618496,15132485632,3825495552,0,13212333056,-18631002112
18163107840,0,78174273536,10375975936,0,0,0,61943373824,109493510144,71812784128,18154287104,0,62700503040,-88415363072
0,0,0,0,0,0,0,0,0,0,0,0,0,0
0,0,0,0,0,0,0,0,0,0,0,0,0,0
0,0,0,0,0,0,0,0,0,0,0,0,0,0
945078208,0,4067630080,539891584,0,0,0,3223090176,5697259008,3736623616,944619200,0,3262485504,-4600502784
5284767232,0,22745712640,3019010560,0,0,0,18023143424,31858407424,20894763008,5282200064,0,18243438592,-25725474816
16316499968,0,70226452480,9321070592,0,0,0,55645712384,98361516032,64511717376,16308575232,0,56325861376,-79426338816
0,0,0,0,0,0,0,0,0,0,0,0,0,0
24261423104,0,104421515264,13859739648,0,0,0,82741043200,146256281600,95924133888,24249640960,0,83752378368,-118101073920
0,0,0,0,0,0,0,0,0,0,0,0,0,0
35023011840,0,150739550208,20007475200,0,0,0,119442317312,211130859520,138472996864,35006001152,0,120902238208,-170486923264
16353896448,0,70387400704,9342434304,0,0,0,55773249536,98586959872,64659574784,16345953280,0,56454959104,-79608381440
18285633536,0,78701633536,10445970432,0,0,0,62361235456,110232141824,72297226240,18276753408,0,63123472384,-89011798016
-11411916800,0,-1516112000,0,0,4284278272,-3703621120,0,19867009024,62466949120,-5479500800,5174844416,-12051748864,0
0,0,0,0,0,0,0,0,0,0,0,0,0,0
-23703576576,0,-3149101056,0,0,8898831360,-7692753920,0,41265561600,129749467136,-11381414912,10748616704,-25032566784,0
-33414823936,0,-4439272960,0,0,12544641024,-10844439552,0,58171871232,182907224064,-16044328960,15152275456,-35288293376,0
0,0,0,0,0,0,0,0,0,0,0,0,0,0
0,0,0,0,0,0,0,0,0,0,0,0,0,0
0,0,0,0,0,0,0,0,0,0,0,0,0,0
-3927806720,0,-521822496,0,0,1474582784,-1274729600,0,6837919744,21500166144,-1885960064,1781102080,-4148027136,0
-24955889664,0,-3315474688,0,0,9368975360,-8099179008,0,43445710848,136604409856,-11982720000,11316489216,-26355091456,0
-41149784064,0,-5466888704,0,0,15448510464,-13354741760,0,71637663744,225247117312,-19758315520,18659768320,-43456925696,0
-19514388480,0,-2592552960,0,0,7326119936,-6333195776,0,33972604928,106818543616,-9369951232,8848989184,-20608503808,0
0,0,0,0,0,0,0,0,0,0,0,0,0,0
-3587700480,0,-476638240,0,0,1346899712,-1164351616,0,6245828608,19638480896,-1722656000,1626877568,-3788852224,0
-240148624,0,-31904562,0,0,90156944,-77937784,0,418074784,1314533888,-115308808,108897720,-253613040,0
0,0,-15135024128,7911501312,0,4511255552,0,0,0,0,13322677248,0,14723603456,0
0,0,0,0,0,0,0,0,0,0,0,0,0,0
0,0,-34582138880,18077052928,0,10307804160,0,0,0,0,30441091072,0,33642078208,0
0,0,0,0,0,0,0,0,0,0,0,0,0,0
0,0,0,0,0,0,0,0,0,0,0,0,0,0
0,0,-97270448128,50845986816,0,28993136640,0,0,0,0,85622775808,0,94626299904,0
0,0,-9948610560,5200417792,0,2965355520,0,0,0,0,8757312512,0,9678174208,0
0,0,0,0,0,0,0,0,0,0,0,0,0,0
0,0,-96982605824,50695524352,0,28907339776,0,0,0,0,85369397248,0,94346280960,0
0,0,-147629293568,77169975296,0,44003463168,0,0,0,0,129951391744,0,143616229376,0
0,0,-99588972544,52057948160,0,29684213760,0,0,0,0,87663665152,0,96881803264,0
0,0,-44713750528,23373129728,0,13327706112,0,0,0,0,39359492096,0,43498278912,0
0,0,-4283224064,2238961152,0,1276688896,0,0,0,0,3770328320,0,4166791424,0
0,0,0,0,0,0,0,0,0,0,0,0,0,0
0,0,0,0,0,0,0,0,0,0,0,0,0,0
0,0,0,0,0,0,0,0,0,0,0,0,0,0
0,0,-12549082112,0,35096993792,6220976128,0,0,0,31343314944,0,1223370624,2529999104,26911166464
0,0,-60211367936,0,168397815808,29848674304,0,0,0,150387392512,0,5869816832,12139111424,129121648640
0,0,0,0,0,0,0,0,0,0,0,0,0,0
0,0,-37467049984,0,104787017728,18573598720,0,0,0,93579870208,0,3652545024,7553668096,80347070464
0,0,0,0,0,0,0,0,0,0,0,0,0,0
0,0,0,0,0,0,0,0,0,0,0,0,0,0
0,0,0,0,0,0,0,0,0,0,0,0,0,0
0,0,0,0,0,0,0,0,0,0,0,0,0,0
0,0,-21057871872,0,58894188544,10439051264,0,0,0,52595359744,0,2052865792,4245441536,45158035456
0,0,0,0,0,0,0,0,0,0,0,0,0,0
0,0,-113665638400,0,317897539584,56347639808,0,0,0,283897856000,0,11080905728,22915934208,243752861696
0,0,0,0,0,0,0,0,0,0,0,0,0,0
0,0,0,0,0,0,0,0,0,0,0,0,0,0
0,0,0,0,0,0,0,0,0,0,0,0,0,0
-9502751744,0,0,0,0,0,-6996342272,35625484288,39430885376,4377411072,10909524992,0,0,4382800384
0,0,0,0,0,0,0,0,0,0,0,0,0,0
-10546000896,0,0,0,0,0,-7764427776,39536586752,43759759360,4857980416,12107214848,0,0,4863961088
-26824294400,0,0,0,0,0,-19749220352,100563345408,111305195520,12356523008,30795321344,0,0,12371734528
0,0,0,0,0,0,0,0,0,0,0,0,0,0
0,0,0,0,0,0,0,0,0,0,0,0,0,0
0,0,0,0,0,0,0,0,0,0,0,0,0,0
-30590994432,0,0,0,0,0,-22522429440,114684567552,126934810624,14091640832,35119636480,0,0,14108989440
0,0,0,0,0,0,0,0,0,0,0,0,0,0
-28478607360,0,0,0,0,0,-20967198720,106765303808,118169632768,13118576640,32694536192,0,0,13134727168
-14327928832,0,0,0,0,0,-10548848640,53714907136,59452563456,6600113152,16449013760,0,0,6608239104
-26435758080,0,0,0,0,0,-19463163904,99106734080,109693001728,12177545216,30349268992,0,0,12192537600
0,0,0,24371294208,48383836160,0,109850861568,0,0,8974642176,0,0,31594457088,-58644078592
0,0,0,0,0,0,0,0,0,0,0,0,0,0
0,0,0,0,0,0,0,0,0,0,0,0,0,0
0,0,0,0,0,0,0,0,0,0,0,0,0,0
0,0,0,0,0,0,0,0,0,0,0,0,0,0
0,0,0,0,0,0,0,0,0,0,0,0,0,0
0,0,0,31900211200,63330840576,0,143786606592,0,0,11747138560,0,0,41354792960,-76760735744
0,0,0,50420469760,100098736128,0,227264593920,0,0,18567157760,0,0,65364086784,-121325600768
0,0,0,49961005056,99186573312,0,225193607168,0,0,18397962240,0,0,64768446464,-120220000256
0,0,0,9925188608,19704274944,0,44736671744,0,0,3654915328,0,0,12866814976,-23882749952
0,0,0,33833297920,67168559104,0,152499781632,0,0,12458991616,0,0,43860807680,-81412276224
0,0,0,0,0,0,0,0,0,0,0,0,0,0
0,0,0,0,0,0,0,0,0,0,0,0,0,0
0,0,0,6602075136,13106965504,0,29758109696,0,0,2431190528,0,0,8558797312,-15886418944
0,0,0,0,0,0,0,0,0,0,0,0,0,0
0,0,0,0,0,0,0,0,0,0,0,0,0,0
0,0,0,0,0,0,0,0,0,0,0,0,0,0
102578561024,0,39444295680,0,33502083072,0,0,0,0,4453984256,30270529536,0,0,-465399648
166779846656,0,64131465216,0,54470172672,0,0,0,0,7241618432,49216073728,0,0,-756681280
0,0,0,0,0,0,0,0,0,0,0,0,0,0
285373300736,0,109733928960,0,93202710528,0,0,0,0,12390973440,84212539392,0,0,-1294740608
0,0,0,0,0,0,0,0,0,0,0,0,0,0
0,0,0,0,0,0,0,0,0,0,0,0,0,0
130297946112,0,50103164928,0,42555211776,0,0,0,0,5657566208,38450409472,0,0,-591162688
0,0,0,0,0,0,0,0,0,0,0,0,0,0
0,0,0,0,0,0,0,0,0,0,0,0,0,0
181648834560,0,69848997888,0,59326373888,0,0,0,0,7887233024,53603852288,0,0,-824141952
17542766592,0,6745678848,0,5729454592,0,0,0,0,761710848,5176801280,0,0,-79591648
0,0,0,0,0,18561153024,24658630656,157200187392,121626968064,0,0,0,0,0
0,0,0,0,0,0,0,0,0,0,0,0,0,0
0,0,0,0,0,52403163136,69617991680,443818672128,343385866240,0,0,0,0,0
0,0,0,0,0,0,0,0,0,0,0,0,0,0
0,0,0,0,0,4289737728,5698948608,36331122688,28109666304,0,0,0,0,0
0,0,0,0,0,0,0,0,0,0,0,0,0,0
0,0,0,0,0,0,0,0,0,0,0,0,0,0
0,0,0,0,0,0,0,0,0,0,0,0,0,0
0,0,0,0,0,0,0,0,0,0,0,0,0,0
0,0,0,0,0,15291752448,20315207680,129510604800,100203339776,0,0,0,0,0
0,0,0,0,0,46516400128,61797384192,393961832448,304811278336,0,0,0,0,0
0,0,0,0,0,0,0,0,0,0,0,0,0,0
0,0,0,0,0,0,0,0,0,0,0,0,0,0
0,0,0,0,0,1662542208,2208699904,14080586752,10894257152,0,0,0,0,0
0,0,0,0,0,0,0,0,0,0,0,0,0,0
0,0,0,0,0,0,0,0,0,0,0,0,0,0
0,0,0,0,0,0,0,0,0,0,0,0,0,0
0,0,0,0,0,0,0,0,0,0,0,0,0,0
0,0,0,0,0,0,0,0,0,0,0,0,0,0
227893690368,0,64013320192,-152076435456,-130959736832,67248013312,-19695173632,0,0,0,0,-72536793088,0,198435864576
400980410368,0,112631840768,-267579457536,-230424494080,118323306496,-34653782016,0,0,0,0,-127628951552,0,349149134848
96617144320,0,27138899968,-64473882624,-55521308672,28510271488,-8349908480,0,0,0,0,-30752489472,0,84128284672
262297124864,0,73676939264,-175034302464,-150729768960,77399949312,-22668410880,0,0,0,0,-83487145984,0,228392271872
0,0,0,0,0,0,0,0,0,0,0,0,0,0
0,0,0,0,0,0,0,0,0,0,0,0,0,0
0,0,0,0,0,0,0,0,0,0,0,0,0,0
0,0,0,0,0,0,0,0,0,0,0,0,0,0
0,0,0,0,0,0,0,0,0,0,0,0,0,0
0,17590669312,0,-23588399104,33883291648,0,0,84462493696,0,0,0,-43877138432,-83473899520,148576649216
0,0,0,0,0,0,0,0,0,0,0,0,0,0
0,5425893888,0,-7275911680,10451401728,0,0,26052706304,0,0,0,-13534032896,-25747769344,45828907008
0,13785249792,0,-18485481472,26553260032,0,0,66190577664,0,0,0,-34385121280,-65415843840,116434812928
0,35396001792,0,-47464652800,68180066304,0,0,169955704832,0,0,0,-88289722368,-167966441472,298966417408
0,292023264,0,-391591776,562497600,0,0,1402164608,0,0,0,-728405760,-1385752832,2466525696
0,32319488000,0,-43339169792,62254059520,0,0,155183661056,0,0,0,-80615841792,-153367314432,272981164032
0,0,0,0,0,0,0,0,0,0,0,0,0,0
0,0,0,0,0,0,0,0,0,0,0,0,0,0
0,0,0,0,0,0,0,0,0,0,0,0,0,0
0,0,0,0,0,0,0,0,0,0,0,0,0,0
0,4242740480,0,-5689348608,8172401152,0,0,20371732480,0,0,0,-10582843392,-20133289984,35835596800
0,0,0,0,0,0,0,0,0,0,0,0,0,0
0,65107734528,0,-87306919936,125411041280,0,0,312618090496,0,0,0,-162400927744,-308959019008,549921554432
0,0,0,0,0,0,0,0,0,0,0,0,0,0
0,0,0,0,0,21075898368,-17858955264,10033743872,0,25507880960,0,25099372544,0,17855121408
0,0,0,0,0,0,0,0,0,0,0,0,0,0
0,0,0,0,0,51971612672,-44038868992,24742473728,0,62900555776,0,61893201920,0,44029415424
0,0,0,0,0,166285115392,-140903989248,79164465152,0,201252667392,0,198029606912,0,140873744384
0,0,0,0,0,0,0,0,0,0,0,0,0,0
0,0,0,0,0,0,0,0,0,0,0,0,0,0
0,0,0,0,0,62862405632,-53267329024,29927325696,0,76081537024,0,74863091712,0,53255897088
0,0,0,0,0,0,0,0,0,0,0,0,0,0
0,0,0,0,0,0,0,0,0,0,0,0,0,0
0,0,0,0,0,0,0,0,0,0,0,0,0,0
0,0,0,0,0,99415580672,-84241170432,47329439744,0,120321368064,0,118394413056,0,84223090688
0,0,0,0,0,150099935232,-127189262336,71459086336,0,181663973376,0,178754617344,0,127161966592
0,0,0,0,0,212176502784,-179790692352,101012283392,0,256794411008,0,252681846784,0,179752108032
0,0,0,0,0,0,0,0,0,0,0,0,0,0
0,0,0,0,0,0,0,0,0,0,0,0,0,0
0,0,0,0,0,0,0,0,0,0,0,0,0,0
0,0,0,0,0,0,0,0,0,0,0,0,0,0
0,0,0,0,0,0,0,0,0,0,0,0,0,0
-310056353792,124085919744,0,405472837632,0,0,141422526464,414878466048,0,0,0,0,0,0
-357527060480,143083896832,0,467552108544,0,0,163074801664,478397792256,0,0,0,0,0,0
-51126513664,20461056000,0,66860142592,0,0,23319764992,68411080704,0,0,0,0,0,0
0,0,0,0,0,0,0,0,0,0,0,0,0,0
-18293362688,7321084416,0,23922946048,0,0,8343946752,24477880320,0,0,0,0,0,0
0,0,0,0,0,0,0,0,0,0,0,0,0,0
-114549227520,45843103744,0,149800501248,0,0,52248055808,153275383808,0,0,0,0,0,0
0,0,0,0,0,0,0,0,0,0,0,0,0,0
-374294609920,149794357248,0,489479733248,0,0,170722803712,500834041856,0,0,0,0,0,0
207536177152,105186172928,-141647413248,190167547904,218110607360,0,-304466853888,306525569024,0,0,165111824384,87498407936,-135465852928,0
325803245568,165127815168,-222366941184,298536894464,342403645440,0,-477971087360,481202962432,0,0,259202859008,137360465920,-212662747136,0
0,0,0,0,0,0,0,0,0,0,0,0,0,0
144752197632,73365184512,-98796150784,132637941760,152127651840,0,-212359364608,213795258368,0,0,115162095616,61028335616,-94484635648,0
0,0,0,0,0,0,0,0,0,0,0,0,0,0
0,0,0,0,0,0,0,0,0,0,0,0,0,0
186910605312,94732443648,-127570067456,171268112384,196434100224,0,-274208030720,276062142464,0,0,148702511104,78802550784,-122002841600,0
64879960064,32883298304,-44281815040,59450175488,68185735168,0,-95182430208,95826018304,0,0,51617259520,27353751552,-42349334528,0
0,0,0,0,0,0,0,0,0,0,0,0,0,0
0,0,0,0,0,0,0,0,0,0,0,0,0,0
0,0,0,0,0,0,0,0,0,0,0,0,0,0
0,0,0,0,0,0,0,0,0,0,0,0,0,0
0,0,0,0,0,0,0,0,0,0,0,0,0,0
0,0,0,0,0,0,0,0,0,0,0,0,0,0
0,52692398080,-29815283712,-30914392064,0,17685702656,7710748160,16703641600,2606388736,0,-29327241216,15891695616,3338338048,0
0,152165580800,-86100836352,-89274859520,0,51072925696,22267166720,48236924928,7526752256,0,-84691468288,45892177920,9640481792,0
0,385719140352,-218253967360,-226299674624,0,129462951936,56444256256,122274070528,19079299072,0,-214681403392,116330463232,24437317632,0
0,59948929024,-33921292288,-35171766272,0,20121286656,8772633600,19003981824,2965327360,0,-33366038528,18080219136,3798076928,0
0,206145404928,-116644593664,-120944574464,0,69190737920,30166310912,65348681728,10196822016,0,-114735251456,62172151808,13060384768,0
0,0,0,0,0,0,0,0,0,0,0,0,0,0
0,287184879616,-162499690496,-168490074112,0,96390873088,42025234432,91038425088,14205377536,0,-159839748096,86613147648,18194659328,0
0,534168076288,-302251802624,-313394003968,0,179288424448,78167547904,169332801536,26422210560,0,-297304293376,161101725696,33842329600,0
0,0,0,0,0,0,0,0,0,0,0,0,0,0
0,0,0,0,0,0,0,0,0,0,0,0,0,0
0,177053532160,-100183343104,-103876501504,0,59426328576,25909147648,56126472192,8757815296,0,-98543460352,53398224896,11217263616,0
0,412882796544,-233624158208,-242236473344,0,138580180992,60419252224,130885033984,20422928384,0,-229800001536,124522848256,26158276608,0
0,114645819392,-64870793216,-67262185472,0,38479777792,16776710144,36343054336,5670866944,0,-63808929792,34576457728,7263410176,0
0,0,0,0,0,0,0,0,0,0,0,0,0,0
0,0,0,0,0,0,0,0,0,0,0,0,0,0
-133329600512,216297996288,0,0,0,0,0,0,356835557376,0,0,-19647924224,0,0
-161040269312,261252464640,0,0,0,0,0,0,430998749184,0,0,-23731466240,0,0
-197099175936,319750144000,0,0,0,0,0,0,527504703488,0,0,-29045235712,0,0
0,0,0,0,0,0,0,0,0,0,0,0,0,0
-125051469824,202868555776,0,0,0,0,0,0,334680457216,0,0,-18428030976,0,0
-116402946048,188838232064,0,0,0,0,0,0,311534059520,0,0,-17153553408,0,0
-150112894976,243525222400,0,0,0,0,0,0,401753407488,0,0,-22121170944,0,0
-189413785600,307282280448,0,0,0,0,0,0,506936000512,0,0,-27912691712,0,0
0,0,0,0,0,0,0,0,0,0,0,0,0,0
-5470160384,8874133504,0,0,0,0,0,0,14640017408,0,0,-806102272,0,0
-381865099264,619492278272,0,0,0,0,0,0,1022001479680,0,0,-56273002496,0,0
-242804064256,393896296448,0,0,0,0,0,0,649826598912,0,0,-35780472832,0,0
0,0,0,0,0,0,0,0,0,0,0,0,0,0
-12108498944,0,196227891200,112614645760,0,0,0,-33851801600,-45019398144,-63020781568,0,18041720832,105564635136,0
-1975749504,0,32018597888,18375385088,0,0,0,-5523614720,-7345836032,-10283130880,0,2943876096,17225031680,0
0,0,0,0,0,0,0,0,0,0,0,0,0,0
0,0,0,0,0,0,0,0,0,0,0,0,0,0
0,0,0,0,0,0,0,0,0,0,0,0,0,0
0,0,0,0,0,0,0,0,0,0,0,0,0,0
0,0,0,0,0,0,0,0,0,0,0,0,0,0
0,0,0,0,0,0,0,0,0,0,0,0,0,0
-37814124544,0,612808065024,351688851456,0,0,0,-105717170176,-140592906240,-196810162176,0,56343224320,329672065024,0
0,0,0,0,0,0,0,0,0,0,0,0,0,0
0,0,0,0,0,0,0,0,0,0,0,0,0,0
-32100685824,0,520217231360,298551246848,0,0,0,-89744080896,-119350345728,-167073595392,0,47830175744,279861035008,0
0,0,0,0,0,0,0,0,0,0,0,0,0,0
0,0,0,0,0,0,0,0,0,0,0,0,0,0
0,0,0,130707267584,-353409269760,22684057600,0,320808484864,176166354944,-241349836800,0,0,285924786176,0
0,0,0,0,0,0,0,0,0,0,0,0,0,0
0,0,0,120408432640,-325563023360,20896708608,0,295530954752,162285649920,-222333108224,0,0,263395852288,0
0,0,0,10338393088,-27953180672,1794213120,0,25374595072,13934015488,-19089752064,0,0,22615441408,0
0,0,0,0,0,0,0,0,0,0,0,0,0,0
0,0,0,0,0,0,0,0,0,0,0,0,0,0
0,0,0,0,0,0,0,0,0,0,0,0,0,0
0,0,0,20398141440,-55152955392,3540067840,0,50065285120,27492474880,-37664989184,0,0,44621344768,0
0,0,0,64073261056,-173242728448,11119821824,0,157261676544,86357499904,-118310715392,0,0,140161548288,0
0,0,0,39177744384,-105929670656,6799240704,0,96158023680,52803493888,-72341364736,0,0,85702098944,0
0,0,0,0,0,0,0,0,0,0,0,0,0,0
0,0,0,31285622784,-84590772224,5429574656,0,76787564544,42166550528,-57768628224,0,0,68437929984,0
0,0,0,54147297280,-146404687872,9397185536,0,132899356672,72979357696,-99982516224,0,0,118448300032,0
0,0,0,0,0,0,0,0,0,0,0,0,0,0
0,0,0,0,0,0,0,0,0,0,0,0,0,0
0,0,0,0,0,0,0,0,0,0,0,0,0,0
0,0,0,0,0,0,0,0,0,0,0,0,0,0
0,0,-21408227328,-21127278592,-247532191744,0,0,281651478528,0,0,0,26198706176,0,0
0,0,-9051805696,-8933015552,-104661327872,0,0,119087620096,0,0,0,11077312512,0,0
0,0,-12405161984,-12242364416,-143434432512,0,0,163205120000,0,0,0,15181042688,0,0
0,0,0,0,0,0,0,0,0,0,0,0,0,0
0,0,-35749576704,-35280420864,-413353771008,0,0,470329556992,0,0,0,43749195776,0,0
0,0,-42715037696,-42154471424,-493891780608,0,0,561968709632,0,0,0,52273303552,0,0
0,0,-28932659200,-28552964096,-334533296128,0,0,380644622336,0,0,0,35406868480,0,0
0,0,0,0,0,0,0,0,0,0,0,0,0,0
0,0,0,0,0,0,0,0,0,0,0,0,0,0
0,0,-11860833280,-11705179136,-137140649984,0,0,156043821056,0,0,0,14514910208,0,0
0,0,0,0,0,0,0,0,0,0,0,0,0,0
0,0,0,0,0,0,0,0,0,0,0,0,0,0
0,0,0,0,0,0,0,0,0,0,0,0,0,0
-68879212544,0,-33579800576,13942597632,207154118656,112378683392,0,187577581568,0,0,0,0,0,0
-144736337920,0,-70561456128,29297670144,435294273536,236142051328,0,394157981696,0,0,0,0,0,0
-41370841088,0,-20168996864,8374326272,124422742016,67497881600,0,112664510464,0,0,0,0,0,0
0,0,0,0,0,0,0,0,0,0,0,0,0,0
0,0,0,0,0,0,0,0,0,0,0,0,0,0
-158504697856,0,-77273767936,32084676608,476702605312,258605596672,0,431653158912,0,0,0,0,0,0
0,0,0,0,0,0,0,0,0,0,0,0,0,0
0,0,0,0,0,0,0,0,0,0,0,0,0,0
0,0,0,0,0,0,0,0,0,0,0,0,0,0
-2043938048,0,-996455040,413735968,6147140608,3334752000,0,5566221824,0,0,0,0,0,0
0,0,0,0,0,0,0,0,0,0,0,0,0,0
0,0,0,0,0,0,0,0,0,0,0,0,0,0
59635027968,0,0,0,25476872192,53183541248,-58467360768,30640562176,31261790208,0,54293112,0,-90152902656,125398810624
0,0,0,0,0,0,0,0,0,0,0,0,0,0
102365331456,0,0,0,43731824640,91291164672,-100360994816,52595453952,53661810688,0,93195776,0,-154750189568,215250845696
78427881472,0,0,0,33505429504,69943336960,-76892250112,40296361984,41113358336,0,71402568,0,-118562897920,164915888128
29196593152,0,0,0,12473170944,26038024192,-28624918528,15001251840,15305397248,0,26581256,0,-44137779200,61393747968
180401258496,0,0,0,77069803520,160884948992,-176868966400,92690423808,94569693184,0,164241488,0,-272720543744,379342553088
0,0,0,0,0,0,0,0,0,0,0,0,0,0
37053980672,0,0,0,15829950464,33045377024,-36328456192,19038388224,19424385024,0,33734804,0,-56016138240,77916037120
0,0,0,0,0,0,0,0,0,0,0,0,0,0
0,0,0,0,0,0,0,0,0,0,0,0,0,0
0,0,0,0,0,0,0,0,0,0,0,0,0,0
0,0,0,0,0,0,0,0,0,0,0,0,0,0
0,0,0,0,0,0,0,0,0,0,0,0,0,0
0,0,0,0,0,0,0,0,0,0,0,0,0,0
0,0,-159380029440,155038826496,0,0,0,0,0,83887939584,0,84094779392,-26746179584,0
0,0,0,0,0,0,0,0,0,0,0,0,0,0
0,0,0,0,0,0,0,0,0,0,0,0,0,0
0,0,0,0,0,0,0,0,0,0,0,0,0,0
0,0,-36448518144,35455729664,0,0,0,0,0,19184277504,0,19231582208,-6116566528,0
0,0,-274697043968,267214831616,0,0,0,0,0,144583786496,0,144940285952,-46097973248,0
0,0,-70192381952,68280483840,0,0,0,0,0,36944994304,0,37036093440,-11779256320,0
0,0,-149180678144,145117298688,0,0,0,0,0,78519623680,0,78713233408,-25034588160,0
0,0,-157197811712,152916066304,0,0,0,0,0,82739355648,0,82943369216,-26379974656,0
0,0,0,0,0,0,0,0,0,0,0,0,0,0
0,0,-92039446528,89532473344,0,0,0,0,0,48443953152,0,48563404800,-15445495808,0
0,0,0,0,0,0,0,0,0,0,0,0,0,0
0,0,-21054750720,20481259520,0,0,0,0,0,11081937920,0,11109263360,-3533279232,0
0,0,-85707874304,83373359104,0,0,0,0,0,45111402496,0,45222633472,-14382969856,0
0,0,0,0
0,0,0,0
287746228224,0,0,-287746228224
1233956634624,0,0,-1233956634624
0,0,0,0
0,0,0,0
0,0,0,0
0,0,0,0
0,0,0,0
633436766208,0,0,-633436766208
0,0,0,0
132970717184,0,0,-132970717184
979637239808,0,0,-979637239808
0,0,0,0
