2.2788095839314498e-15,0,9.7373647654845326e-16,0,0,0,1.9089626001499898e-15,0,0,0,0,0,0,5.1378800412915236e-16,-1.2928287167348436e-15,0,-2.2207770273744527e-15,-5.2459106233843371e-16,1.3949862900087509e-15,1.4069832411571872e-15,-1.8278306080884207e-15,0,0,0,2.2129068207450394e-15,-1.2878377868513844e-15,-4.8143425721979428e-16,0,0,0,0,0,0,-1.309898336446149e-15,2.0919856677444363e-15,0,0,9.7505477745173617e-16,0,1.5958845056473418e-15,-3.0261337301623549e-17,0,2.0339217709683909e-15,0,0,1.658161756061267e-15,0,-2.1299318967484817e-15,-3.9693644739341222e-16,-4.6687635489489382e-16,-9.1024688375899076e-17,9.1792092285177592e-16,0,0,0,8.591122194172979e-16,0,0,0,0,-7.0604547785412452e-16,5.3441563867495873e-16,0,0,1.2862701406242535e-15,-6.692376611311889e-16,1.0542048182958486e-15,2.407362503786814e-15,0,-4.0843018817928554e-18,0,2.2310002915313385e-15,0,0,1.1101062399575539e-15,-3.1777224521721287e-15,0,0,0,-8.0095181382482464e-16,-2.3008661101197149e-15,0,0,6.0089777239729107e-16,-1.7583740122926864e-15,0,0,0,0,0,0,-2.0740536096741484e-16,-8.3079511389719859e-16,0,1.7211510435464778e-15,0,1.1736305346280742e-15,0,0,0
-2.2788095839314498e-15,0,-9.7373647654845326e-16,0,0,0,-1.9089626001499898e-15,0,0,0,0,0,0,-5.1378800412915236e-16,1.2928287167348436e-15,0,2.2207770273744527e-15,5.2459106233843371e-16,-1.3949862900087509e-15,-1.4069832411571872e-15,1.8278306080884207e-15,0,0,0,-2.2129068207450394e-15,1.2878377868513844e-15,4.8143425721979428e-16,0,0,0,0,0,0,1.309898336446149e-15,-2.0919856677444363e-15,0,0,-9.7505477745173617e-16,0,-1.5958845056473418e-15,3.0261337301623549e-17,0,-2.0339217709683909e-15,0,0,-1.658161756061267e-15,0,2.1299318967484817e-15,3.9693644739341222e-16,4.6687635489489382e-16,9.1024688375899076e-17,-9.1792092285177592e-16,0,0,0,-8.591122194172979e-16,0,0,0,0,7.0604547785412452e-16,-5.3441563867495873e-16,0,0,-1.2862701406242535e-15,6.692376611311889e-16,-1.0542048182958486e-15,-2.407362503786814e-15,0,4.0843018817928554e-18,0,-2.2310002915313385e-15,0,0,-1.1101062399575539e-15,3.1777224521721287e-15,0,0,0,8.0095181382482464e-16,2.3008661101197149e-15,0,0,-6.0089777239729107e-16,1.7583740122926864e-15,0,0,0,0,0,0,2.0740536096741484e-16,8.3079511389719859e-16,0,-1.7211510435464778e-15,0,-1.1736305346280742e-15,0,0,0
-2.2788095839314498e-15,0,-9.7373647654845326e-16,0,0,0,-1.9089626001499898e-15,0,0,0,0,0,0,-5.1378800412915236e-16,1.2928287167348436e-15,0,2.2207770273744527e-15,5.2459106233843371e-16,-1.3949862900087509e-15,-1.4069832411571872e-15,1.8278306080884207e-15,0,0,0,-2.2129068207450394e-15,1.2878377868513844e-15,4.8143425721979428e-16,0,0,0,0,0,0,1.309898336446149e-15,-2.0919856677444363e-15,0,0,-9.7505477745173617e-16,0,-1.5958845056473418e-15,3.0261337301623549e-17,0,-2.0339217709683909e-15,0,0,-1.658161756061267e-15,0,2.1299318967484817e-15,3.9693644739341222e-16,4.6687635489489382e-16,9.1024688375899076e-17,-9.1792092285177592e-16,0,0,0,-8.591122194172979e-16,0,0,0,0,7.0604547785412452e-16,-5.3441563867495873e-16,0,0,-1.2862701406242535e-15,6.692376611311889e-16,-1.0542048182958486e-15,-2.407362503786814e-15,0,4.0843018817928554e-18,0,-2.2310002915313385e-15,0,0,-1.1101062399575539e-15,3.1777224521721287e-15,0,0,0,8.0095181382482464e-16,2.3008661101197149e-15,0,0,-6.0089777239729107e-16,1.7583740122926864e-15,0,0,0,0,0,0,2.0740536096741484e-16,8.3079511389719859e-16,0,-1.7211510435464778e-15,0,-1.1736305346280742e-15,0,0,0
-2.2788095839314498e-15,0,-9.7373647654845326e-16,0,0,0,-1.9089626001499898e-15,0,0,0,0,0,0,-5.1378800412915236e-16,1.2928287167348436e-15,0,2.2207770273744527e-15,5.2459106233843371e-16,-1.3949862900087509e-15,-1.4069832411571872e-15,1.8278306080884207e-15,0,0,0,-2.2129068207450394e-15,1.2878377868513844e-15,4.8143425721979428e-16,0,0,0,0,0,0,1.309898336446149e-15,-2.0919856677444363e-15,0,0,-9.7505477745173617e-16,0,-1.5958845056473418e-15,3.0261337301623549e-17,0,-2.0339217709683909e-15,0,0,-1.658161756061267e-15,0,2.1299318967484817e-15,3.9693644739341222e-16,4.6687635489489382e-16,9.1024688375899076e-17,-9.1792092285177592e-16,0,0,0,-8.591122194172979e-16,0,0,0,0,7.0604547785412452e-16,-5.3441563867495873e-16,0,0,-1.2862701406242535e-15,6.692376611311889e-16,-1.0542048182958486e-15,-2.407362503786814e-15,0,4.0843018817928554e-18,0,-2.2310002915313385e-15,0,0,-1.1101062399575539e-15,3.1777224521721287e-15,0,0,0,8.0095181382482464e-16,2.3008661101197149e-15,0,0,-6.0089777239729107e-16,1.7583740122926864e-15,0,0,0,0,0,0,2.0740536096741484e-16,8.3079511389719859e-16,0,-1.7211510435464778e-15,0,-1.1736305346280742e-15,0,0,0
2.2788095839314498e-15,0,9.7373647654845326e-16,0,0,0,1.9089626001499898e-15,0,0,0,0,0,0,5.1378800412915236e-16,-1.2928287167348436e-15,0,-2.2207770273744527e-15,-5.2459106233843371e-16,1.3949862900087509e-15,1.4069832411571872e-15,-1.8278306080884207e-15,0,0,0,2.2129068207450394e-15,-1.2878377868513844e-15,-4.8143425721979428e-16,0,0,0,0,0,0,-1.309898336446149e-15,2.0919856677444363e-15,0,0,9.7505477745173617e-16,0,1.5958845056473418e-15,-3.0261337301623549e-17,0,2.0339217709683909e-15,0,0,1.658161756061267e-15,0,-2.1299318967484817e-15,-3.9693644739341222e-16,-4.6687635489489382e-16,-9.1024688375899076e-17,9.1792092285177592e-16,0,0,0,8.591122194172979e-16,0,0,0,0,-7.0604547785412452e-16,5.3441563867495873e-16,0,0,1.2862701406242535e-15,-6.692376611311889e-16,1.0542048182958486e-15,2.407362503786814e-15,0,-4.0843018817928554e-18,0,2.2310002915313385e-15,0,0,1.1101062399575539e-15,-3.1777224521721287e-15,0,0,0,-8.0095181382482464e-16,-2.3008661101197149e-15,0,0,6.0089777239729107e-16,-1.7583740122926864e-15,0,0,0,0,0,0,-2.0740536096741484e-16,-8.3079511389719859e-16,0,1.7211510435464778e-15,0,1.1736305346280742e-15,0,0,0
2.2788095839314498e-15,0,9.7373647654845326e-16,0,0,0,1.9089626001499898e-15,0,0,0,0,0,0,5.1378800412915236e-16,-1.2928287167348436e-15,0,-2.2207770273744527e-15,-5.2459106233843371e-16,1.3949862900087509e-15,1.4069832411571872e-15,-1.8278306080884207e-15,0,0,0,2.2129068207450394e-15,-1.2878377868513844e-15,-4.8143425721979428e-16,0,0,0,0,0,0,-1.309898336446149e-15,2.0919856677444363e-15,0,0,9.7505477745173617e-16,0,1.5958845056473418e-15,-3.0261337301623549e-17,0,2.0339217709683909e-15,0,0,1.658161756061267e-15,0,-2.1299318967484817e-15,-3.9693644739341222e-16,-4.6687635489489382e-16,-9.1024688375899076e-17,9.1792092285177592e-16,0,0,0,8.591122194172979e-16,0,0,0,0,-7.0604547785412452e-16,5.3441563867495873e-16,0,0,1.2862701406242535e-15,-6.692376611311889e-16,1.0542048182958486e-15,2.407362503786814e-15,0,-4.0843018817928554e-18,0,2.2310002915313385e-15,0,0,1.1101062399575539e-15,-3.1777224521721287e-15,0,0,0,-8.0095181382482464e-16,-2.3008661101197149e-15,0,0,6.0089777239729107e-16,-1.7583740122926864e-15,0,0,0,0,0,0,-2.0740536096741484e-16,-8.3079511389719859e-16,0,1.7211510435464778e-15,0,1.1736305346280742e-15,0,0,0
-2.2788095839314498e-15,0,-9.7373647654845326e-16,0,0,0,-1.9089626001499898e-15,0,0,0,0,0,0,-5.1378800412915236e-16,1.2928287167348436e-15,0,2.2207770273744527e-15,5.2459106233843371e-16,-1.3949862900087509e-15,-1.4069832411571872e-15,1.8278306080884207e-15,0,0,0,-2.2129068207450394e-15,1.2878377868513844e-15,4.8143425721979428e-16,0,0,0,0,0,0,1.309898336446149e-15,-2.0919856677444363e-15,0,0,-9.7505477745173617e-16,0,-1.5958845056473418e-15,3.0261337301623549e-17,0,-2.0339217709683909e-15,0,0,-1.658161756061267e-15,0,2.1299318967484817e-15,3.9693644739341222e-16,4.6687635489489382e-16,9.1024688375899076e-17,-9.1792092285177592e-16,0,0,0,-8.591122194172979e-16,0,0,0,0,7.0604547785412452e-16,-5.3441563867495873e-16,0,0,-1.2862701406242535e-15,6.692376611311889e-16,-1.0542048182958486e-15,-2.407362503786814e-15,0,4.0843018817928554e-18,0,-2.2310002915313385e-15,0,0,-1.1101062399575539e-15,3.1777224521721287e-15,0,0,0,8.0095181382482464e-16,2.3008661101197149e-15,0,0,-6.0089777239729107e-16,1.7583740122926864e-15,0,0,0,0,0,0,2.0740536096741484e-16,8.3079511389719859e-16,0,-1.7211510435464778e-15,0,-1.1736305346280742e-15,0,0,0
2.2788095839314498e-15,0,9.7373647654845326e-16,0,0,0,1.9089626001499898e-15,0,0,0,0,0,0,5.1378800412915236e-16,-1.2928287167348436e-15,0,-2.2207770273744527e-15,-5.2459106233843371e-16,1.3949862900087509e-15,1.4069832411571872e-15,-1.8278306080884207e-15,0,0,0,2.2129068207450394e-15,-1.2878377868513844e-15,-4.8143425721979428e-16,0,0,0,0,0,0,-1.309898336446149e-15,2.0919856677444363e-15,0,0,9.7505477745173617e-16,0,1.5958845056473418e-15,-3.0261337301623549e-17,0,2.0339217709683909e-15,0,0,1.658161756061267e-15,0,-2.1299318967484817e-15,-3.9693644739341222e-16,-4.6687635489489382e-16,-9.1024688375899076e-17,9.1792092285177592e-16,0,0,0,8.591122194172979e-16,0,0,0,0,-7.0604547785412452e-16,5.3441563867495873e-16,0,0,1.2862701406242535e-15,-6.692376611311889e-16,1.0542048182958486e-15,2.407362503786814e-15,0,-4.0843018817928554e-18,0,2.2310002915313385e-15,0,0,1.1101062399575539e-15,-3.1777224521721287e-15,0,0,0,-8.0095181382482464e-16,-2.3008661101197149e-15,0,0,6.0089777239729107e-16,-1.7583740122926864e-15,0,0,0,0,0,0,-2.0740536096741484e-16,-8.3079511389719859e-16,0,1.7211510435464778e-15,0,1.1736305346280742e-15,0,0,0
-2.2788095839314498e-15,0,-9.7373647654845326e-16,0,0,0,-1.9089626001499898e-15,0,0,0,0,0,0,-5.1378800412915236e-16,1.2928287167348436e-15,0,2.2207770273744527e-15,5.2459106233843371e-16,-1.3949862900087509e-15,-1.4069832411571872e-15,1.8278306080884207e-15,0,0,0,-2.2129068207450394e-15,1.2878377868513844e-15,4.8143425721979428e-16,0,0,0,0,0,0,1.309898336446149e-15,-2.0919856677444363e-15,0,0,-9.7505477745173617e-16,0,-1.5958845056473418e-15,3.0261337301623549e-17,0,-2.0339217709683909e-15,0,0,-1.658161756061267e-15,0,2.1299318967484817e-15,3.9693644739341222e-16,4.6687635489489382e-16,9.1024688375899076e-17,-9.1792092285177592e-16,0,0,0,-8.591122194172979e-16,0,0,0,0,7.0604547785412452e-16,-5.3441563867495873e-16,0,0,-1.2862701406242535e-15,6.692376611311889e-16,-1.0542048182958486e-15,-2.407362503786814e-15,0,4.0843018817928554e-18,0,-2.2310002915313385e-15,0,0,-1.1101062399575539e-15,3.1777224521721287e-15,0,0,0,8.0095181382482464e-16,2.3008661101197149e-15,0,0,-6.0089777239729107e-16,1.7583740122926864e-15,0,0,0,0,0,0,2.0740536096741484e-16,8.3079511389719859e-16,0,-1.7211510435464778e-15,0,-1.1736305346280742e-15,0,0,0
-2.2788095839314498e-15,0,-9.7373647654845326e-16,0,0,0,-1.9089626001499898e-15,0,0,0,0,0,0,-5.1378800412915236e-16,1.2928287167348436e-15,0,2.2207770273744527e-15,5.2459106233843371e-16,-1.3949862900087509e-15,-1.4069832411571872e-15,1.8278306080884207e-15,0,0,0,-2.2129068207450394e-15,1.2878377868513844e-15,4.8143425721979428e-16,0,0,0,0,0,0,1.309898336446149e-15,-2.0919856677444363e-15,0,0,-9.7505477745173617e-16,0,-1.5958845056473418e-15,3.0261337301623549e-17,0,-2.0339217709683909e-15,0,0,-1.658161756061267e-15,0,2.1299318967484817e-15,3.9693644739341222e-16,4.6687635489489382e-16,9.1024688375899076e-17,-9.1792092285177592e-16,0,0,0,-8.591122194172979e-16,0,0,0,0,7.0604547785412452e-16,-5.3441563867495873e-16,0,0,-1.2862701406242535e-15,6.692376611311889e-16,-1.0542048182958486e-15,-2.407362503786814e-15,0,4.0843018817928554e-18,0,-2.2310002915313385e-15,0,0,-1.1101062399575539e-15,3.1777224521721287e-15,0,0,0,8.0095181382482464e-16,2.3008661101197149e-15,0,0,-6.0089777239729107e-16,1.7583740122926864e-15,0,0,0,0,0,0,2.0740536096741484e-16,8.3079511389719859e-16,0,-1.7211510435464778e-15,0,-1.1736305346280742e-15,0,0,0
2.2788095839314498e-15,0,9.7373647654845326e-16,0,0,0,1.9089626001499898e-15,0,0,0,0,0,0,5.1378800412915236e-16,-1.2928287167348436e-15,0,-2.2207770273744527e-15,-5.2459106233843371e-16,1.3949862900087509e-15,1.4069832411571872e-15,-1.8278306080884207e-15,0,0,0,2.2129068207450394e-15,-1.2878377868513844e-15,-4.8143425721979428e-16,0,0,0,0,0,0,-1.309898336446149e-15,2.0919856677444363e-15,0,0,9.7505477745173617e-16,0,1.5958845056473418e-15,-3.0261337301623549e-17,0,2.0339217709683909e-15,0,0,1.658161756061267e-15,0,-2.1299318967484817e-15,-3.9693644739341222e-16,-4.6687635489489382e-16,-9.1024688375899076e-17,9.1792092285177592e-16,0,0,0,8.591122194172979e-16,0,0,0,0,-7.0604547785412452e-16,5.3441563867495873e-16,0,0,1.2862701406242535e-15,-6.692376611311889e-16,1.0542048182958486e-15,2.407362503786814e-15,0,-4.0843018817928554e-18,0,2.2310002915313385e-15,0,0,1.1101062399575539e-15,-3.1777224521721287e-15,0,0,0,-8.0095181382482464e-16,-2.3008661101197149e-15,0,0,6.0089777239729107e-16,-1.7583740122926864e-15,0,0,0,0,0,0,-2.0740536096741484e-16,-8.3079511389719859e-16,0,1.7211510435464778e-15,0,1.1736305346280742e-15,0,0,0
2.2788095839314498e-15,0,9.7373647654845326e-16,0,0,0,1.9089626001499898e-15,0,0,0,0,0,0,5.1378800412915236e-16,-1.2928287167348436e-15,0,-2.2207770273744527e-15,-5.2459106233843371e-16,1.3949862900087509e-15,1.4069832411571872e-15,-1.8278306080884207e-15,0,0,0,2.2129068207450394e-15,-1.2878377868513844e-15,-4.8143425721979428e-16,0,0,0,0,0,0,-1.309898336446149e-15,2.0919856677444363e-15,0,0,9.7505477745173617e-16,0,1.5958845056473418e-15,-3.0261337301623549e-17,0,2.0339217709683909e-15,0,0,1.658161756061267e-15,0,-2.1299318967484817e-15,-3.9693644739341222e-16,-4.6687635489489382e-16,-9.1024688375899076e-17,9.1792092285177592e-16,0,0,0,8.591122194172979e-16,0,0,0,0,-7.0604547785412452e-16,5.3441563867495873e-16,0,0,1.2862701406242535e-15,-6.692376611311889e-16,1.0542048182958486e-15,2.407362503786814e-15,0,-4.0843018817928554e-18,0,2.2310002915313385e-15,0,0,1.1101062399575539e-15,-3.1777224521721287e-15,0,0,0,-8.0095181382482464e-16,-2.3008661101197149e-15,0,0,6.0089777239729107e-16,-1.7583740122926864e-15,0,0,0,0,0,0,-2.0740536096741484e-16,-8.3079511389719859e-16,0,1.7211510435464778e-15,0,1.1736305346280742e-15,0,0,0
-2.2788095839314498e-15,0,-9.7373647654845326e-16,0,0,0,-1.9089626001499898e-15,0,0,0,0,0,0,-5.1378800412915236e-16,1.2928287167348436e-15,0,2.2207770273744527e-15,5.2459106233843371e-16,-1.3949862900087509e-15,-1.4069832411571872e-15,1.8278306080884207e-15,0,0,0,-2.2129068207450394e-15,1.2878377868513844e-15,4.8143425721979428e-16,0,0,0,0,0,0,1.309898336446149e-15,-2.0919856677444363e-15,0,0,-9.7505477745173617e-16,0,-1.5958845056473418e-15,3.0261337301623549e-17,0,-2.0339217709683909e-15,0,0,-1.658161756061267e-15,0,2.1299318967484817e-15,3.9693644739341222e-16,4.6687635489489382e-16,9.1024688375899076e-17,-9.1792092285177592e-16,0,0,0,-8.591122194172979e-16,0,0,0,0,7.0604547785412452e-16,-5.3441563867495873e-16,0,0,-1.2862701406242535e-15,6.692376611311889e-16,-1.0542048182958486e-15,-2.407362503786814e-15,0,4.0843018817928554e-18,0,-2.2310002915313385e-15,0,0,-1.1101062399575539e-15,3.1777224521721287e-15,0,0,0,8.0095181382482464e-16,2.3008661101197149e-15,0,0,-6.0089777239729107e-16,1.7583740122926864e-15,0,0,0,0,0,0,2.0740536096741484e-16,8.3079511389719859e-16,0,-1.7211510435464778e-15,0,-1.1736305346280742e-15,0,0,0
-2.2788095839314498e-15,0,-9.7373647654845326e-16,0,0,0,-1.9089626001499898e-15,0,0,0,0,0,0,-5.1378800412915236e-16,1.2928287167348436e-15,0,2.2207770273744527e-15,5.2459106233843371e-16,-1.3949862900087509e-15,-1.4069832411571872e-15,1.8278306080884207e-15,0,0,0,-2.2129068207450394e-15,1.2878377868513844e-15,4.8143425721979428e-16,0,0,0,0,0,0,1.309898336446149e-15,-2.0919856677444363e-15,0,0,-9.7505477745173617e-16,0,-1.5958845056473418e-15,3.0261337301623549e-17,0,-2.0339217709683909e-15,0,0,-1.658161756061267e-15,0,2.1299318967484817e-15,3.9693644739341222e-16,4.6687635489489382e-16,9.1024688375899076e-17,-9.1792092285177592e-16,0,0,0,-8.591122194172979e-16,0,0,0,0,7.0604547785412452e-16,-5.3441563867495873e-16,0,0,-1.2862701406242535e-15,6.692376611311889e-16,-1.0542048182958486e-15,-2.407362503786814e-15,0,4.0843018817928554e-18,0,-2.2310002915313385e-15,0,0,-1.1101062399575539e-15,3.1777224521721287e-15,0,0,0,8.0095181382482464e-16,2.3008661101197149e-15,0,0,-6.0089777239729107e-16,1.7583740122926864e-15,0,0,0,0,0,0,2.0740536096741484e-16,8.3079511389719859e-16,0,-1.7211510435464778e-15,0,-1.1736305346280742e-15,0,0,0
-3.0194040533964195e-16,-2.0345571250881704e-16,0,9.0727637891763934e-17,0,0,9.8052170014688284e-17,3.9403972706270052e-16,0,0,0,4.6327535313831977e-16,0,0,0,1.6217509860323568e-16,2.5539848598685991e-16,-5.8960037781905823e-17,1.1540438771046637e-16,0,-8.9847921384146438e-17,0,2.2385317908609685e-16,0,2.8575741736587492e-16,0,-4.6006945254697045e-17,-3.7555098305760927e-16,-5.8031173511012877e-17,-2.4954125315659642e-16,0,0,-2.730627492969175e-16,0,0,-1.3227476939070988e-16,0,-3.4030520096852898e-16,0,0
0,0,0,0,0,0,0,0,0,0,0,0,0,0,0,0,0,0,0,0,0,0,0,0,0,0,0,0,0,0,0,0,0,0,0,0,0,0,0,0
-2.5933383282353891e-15,-1.7474624279870381e-15,0,7.7925130617220229e-16,0,0,8.4216107843948962e-16,3.3843709627313923e-15,0,0,0,3.9790291728018529e-15,0,0,0,1.39290693000236e-15,2.1935940460311677e-15,-5.064023532851277e-16,9.9119763723962704e-16,0,-7.7169550758489792e-16,0,1.9226544642258819e-15,0,2.4543442449974579e-15,0,-3.9514941963294246e-16,-3.2255728256701819e-15,-4.9842441465273546e-16,-2.1432868534696035e-15,0,0,-2.3453107758950953e-15,0,0,-1.136095857757276e-15,0,-2.922850026585073e-15,0,0
0,0,0,0,0,0,0,0,0,0,0,0,0,0,0,0,0,0,0,0,0,0,0,0,0,0,0,0,0,0,0,0,0,0,0,0,0,0,0,0
0,0,0,0,0,0,0,0,0,0,0,0,0,0,0,0,0,0,0,0,0,0,0,0,0,0,0,0,0,0,0,0,0,0,0,0,0,0,0,0
0,0,0,0,0,0,0,0,0,0,0,0,0,0,0,0,0,0,0,0,0,0,0,0,0,0,0,0,0,0,0,0,0,0,0,0,0,0,0,0
-2.5399013489337203e-16,-1.7114552162179354e-16,0,7.6319448640290675e-17,0,0,8.2480792768398057e-17,3.3146344754861497e-16,0,0,0,3.8970395069416297e-16,0,0,0,1.3642054568126645e-16,2.1483941180344121e-16,-4.9596770146834277e-17,9.7077360823851692e-17,0,-7.5579439629410935e-17,0,1.883037224505361e-16,0,2.4037712429091334e-16,0,-3.8700716984367268e-17,-3.1591083737606235e-16,-4.8815415340216687e-17,-2.0991234026327115e-16,0,0,-2.2969844757598037e-16,0,0,-1.1126860376170944e-16,0,-2.8626232841177728e-16,0,0
0,0,0,0,0,0,0,0,0,0,0,0,0,0,0,0,0,0,0,0,0,0,0,0,0,0,0,0,0,0,0,0,0,0,0,0,0,0,0,0
0,0,0,0,0,0,0,0,0,0,0,0,0,0,0,0,0,0,0,0,0,0,0,0,0,0,0,0,0,0,0,0,0,0,0,0,0,0,0,0
0,0,0,0,0,0,0,0,0,0,0,0,0,0,0,0,0,0,0,0,0,0,0,0,0,0,0,0,0,0,0,0,0,0,0,0,0,0,0,0
0,0,0,0,0,0,0,0,0,0,0,0,0,0,0,0,0,0,0,0,0,0,0,0,0,0,0,0,0,0,0,0,0,0,0,0,0,0,0,0
0,0,0,0,0,0,0,0,0,0,0,0,0,0,0,0,0,0,0,0,0,0,0,0,0,0,0,0,0,0,0,0,0,0,0,0,0,0,0,0
0,0,0,0,0,0,0,0,0,0,0,0,0,0,0,0,0,0,0,0,0,0,0,0,0,0,0,0,0,0,0,0,0,0,0,0,0,0,0,0
-1.8190628112327138e-16,-1.2257343634801036e-16,0,5.4659548938299784e-17,0,0,5.9072269647417018e-17,2.3739220665456879e-16,0,0,0,2.7910373533717597e-16,0,0,0,9.7703609339448239e-17,1.5386675094696526e-16,-3.5520922213150123e-17,6.9526244403311186e-17,0,-5.4129557776224808e-17,0,1.3486204476298794e-16,0,1.7215672014213757e-16,0,-2.771723248551463e-17,-2.2625353810971753e-16,-3.4961321293868199e-17,-1.5033801168870385e-16,0,0,-1.6450871407759068e-16,0,0,-7.9689931703758445e-17,0,-2.0501942797367708e-16,0,0
-1.6020654109425748e-15,-1.0795156450674648e-15,0,4.8139174675375395e-16,0,0,5.2025494186276134e-16,2.0907352353560522e-15,0,0,0,2.4580923657890582e-15,0,0,0,8.6048478336876429e-16,1.355118778522096e-15,-3.1283605483797003e-16,6.1232408803707397e-16,0,-4.7672406581879072e-16,0,1.1877425270458044e-15,0,1.5162001987717487e-15,0,-2.4410822501422973e-16,-1.9926359028115586e-15,-3.0790759363437089e-16,-1.3240408220499805e-15,0,0,-1.4488435035313763e-15,0,0,-7.0183662407877711e-16,0,-1.8056252158596756e-15,0,0
0,0,0,0,0,0,0,0,0,0,0,0,0,0,0,0,0,0,0,0,0,0,0,0,0,0,0,0,0,0,0,0,0,0,0,0,0,0,0,0
-1.3867860581672636e-15,-9.3445447658658783e-16,0,4.1670418467907786e-16,0,0,4.5034513050068686e-16,1.8097902886195618e-15,0,0,0,2.127783609436008e-15,0,0,0,7.4485615692040214e-16,1.1730231061257744e-15,-2.7079836553111074e-16,5.3004235462872557e-16,0,-4.1266373164155644e-16,0,1.0281383322561632e-15,0,1.3124591288039356e-15,0,-2.1130592121974129e-16,-1.72487311807495e-15,-2.6653215174336645e-16,-1.1461213397209779e-15,0,0,-1.2541535100005674e-15,0,0,-6.0752654636338482e-16,0,-1.562992310481326e-15,0,0
-3.5484285391203414e-16,-2.3910284263110805e-16,0,1.0662387212566089e-16,0,0,1.1523172533812451e-16,4.6307873561543837e-16,0,0,0,5.4444503816604168e-16,0,0,0,1.9058952026804063e-16,3.0014641602713694e-16,-6.9290325875166162e-17,1.356241891270596e-16,0,-1.0559002209142271e-16,0,2.6307411326642117e-16,0,3.3582450255667214e-16,0,-5.4067744223409945e-17,-4.4135064645247106e-16,-6.8198718781837083e-17,-2.9326294984171567e-16,0,0,-3.2090560537756374e-16,0,0,-1.5545041139075519e-16,0,-3.9992949125209449e-16,0,0
-1.2799362400029227e-15,-8.6245614667438027e-16,0,3.8459771845075882e-16,0,0,4.1564669051421047e-16,1.670348654348125e-15,0,0,0,1.9638408060114118e-15,0,0,0,6.8746607485389746e-16,1.0826434201043197e-15,-2.4993374704853038e-16,4.8920334929112913e-16,0,-3.8086857649113296e-16,0,9.4892169344657287e-16,0,1.2113361003959809e-15,0,-1.9502510094056638e-16,-1.5919741780463423e-15,-2.4599623498387996e-16,-1.0578143433214544e-15,0,0,-1.1575228267074944e-15,0,0,-5.6071749399486245e-16,0,-1.4425659306010379e-15,0,0
-6.5224639196750445e-16,-4.3950152058905572e-16,0,1.9598827004582313e-16,0,0,2.1181059403762724e-16,8.5119780825594973e-16,0,0,0,1.0007593686647072e-15,0,0,0,3.503278241960339e-16,5.5170739277668164e-16,-1.2736445322102769e-16,2.4929455481070861e-16,0,-1.940879251588785e-16,0,4.8356375098875079e-16,0,6.172882305035762e-16,0,-9.9383408022751525e-17,-8.1125872248525178e-16,-1.2535793804810066e-16,-5.3905467930839292e-16,0,0,-5.8986538001754062e-16,0,0,-2.8573767091029205e-16,0,-7.3512136607628608e-16,0,0
-9.7668351593018779e-16,-6.5811617147329914e-16,0,2.9347576686971331e-16,0,0,3.1716836366537976e-16,1.2745963325451947e-15,0,0,0,1.4985520555574686e-15,0,0,0,5.2458613895942779e-16,8.2613489744008304e-16,-1.9071744871285563e-16,3.7329739896188e-16,0,-2.9063015968341249e-16,0,7.2409564408099526e-16,0,9.2433666803163521e-16,0,-1.4881819635331322e-16,-1.2147909360295944e-15,-1.8771285079537722e-16,-8.0718857035501725e-16,0,0,-8.8327330484213478e-16,0,0,-4.2786786716565272e-16,0,-1.1007817836368233e-15,0,0
0,0,0,0,0,0,0,0,0,0,0,0,0,0,0,0,0,0,0,0,0,0,0,0,0,0,0,0,0,0,0,0,0,0,0,0,0,0,0,0
0,0,0,0,0,0,0,0,0,0,0,0,0,0,0,0,0,0,0,0,0,0,0,0,0,0,0,0,0,0,0,0,0,0,0,0,0,0,0,0
0,0,0,0,0,0,0,0,0,0,0,0,0,0,0,0,0,0,0,0,0,0,0,0,0,0,0,0,0,0,0,0,0,0,0,0,0,0,0,0
-1.2014512259015233e-15,-8.0957079757961077e-16,0,3.6101438890528818e-16,0,0,3.9015944266154897e-16,1.5679237363002405e-15,0,0,0,1.843419190691452e-15,0,0,0,6.4531104501406385e-16,1.0162562599511983e-15,-2.346079299476051e-16,4.5920567746411808e-16,0,-3.5751391937164138e-16,0,8.9073434161846508e-16,0,1.1370575577897648e-15,0,-1.8306626627475654e-16,-1.4943552190620603e-15,-2.3091187521248136e-16,-9.9294972489102256e-16,0,0,-1.0865441127055442e-15,0,0,-5.2633462672079748e-16,0,-1.3541085858533768e-15,0,0
-1.6274045074388056e-15,-1.0965898175808618e-15,0,4.8900567297706365e-16,0,0,5.2848360224754085e-16,2.1238034016168601e-15,0,0,0,2.4969709663097937e-15,0,0,0,8.7409464406745037e-16,1.3765519943403004e-15,-3.1778402426913563e-16,6.2200890393730203e-16,0,-4.8426414135701169e-16,0,1.2065284472664839e-15,0,1.5401811838161757e-15,0,-2.4796916000649244e-16,-2.0241523047129966e-15,-3.1277760956460949e-16,-1.3449825470005406e-15,0,0,-1.4717591328863942e-15,0,0,-7.1293725555034073e-16,0,-1.8341837787093015e-15,0,0
-2.8248527615107235e-15,-1.9034632387399412e-15,0,8.4881722215769152e-16,0,0,9.1734314050263008e-16,3.6865033798522649e-15,0,0,0,4.334248109342468e-15,0,0,0,1.5172556018240276e-15,2.389422345963968e-15,-5.5161030162510262e-16,1.079684628140442e-15,0,-8.4058692064657671e-16,0,2.0942951030751252e-15,0,2.673450492628464e-15,0,-4.3042550961966668e-16,-3.5135286641110961e-15,-5.4292016710274713e-16,-2.3346239729578246e-15,0,0,-2.5546831326544919e-15,0,0,-1.2375182064329666e-15,0,-3.1837808553273651e-15,0,0
0,0,0,0,0,0,0,0,0,0,0,0,0,0,0,0,0,0,0,0,0,0,0,0,0,0,0,0,0,0,0,0,0,0,0,0,0,0,0,0
0,0,0,0,0,0,0,0,0,0,0,0,0,0,0,0,0,0,0,0,0,0,0,0,0,0,0,0,0,0,0,0,0,0,0,0,0,0,0,0
0,0,0,0,0,0,0,0,0,0,0,0,0,0,0,0,0,0,0,0,0,0,0,0,0,0,0,0,0,0,0,0,0,0,0,0,0,0,0,0
0,0,0,0,0,0,0,0,0,0,0,0,0,0,0,0,0,0,0,0,0,0,0,0,0,0,0,0,0,0,0,0,0,0,0,0,0,0,0,0
0,0,0,0,0,0,0,0,0,0,0,0,0,0,0,0,0,0,0,0,0,0,0,0,0,0,0,0,0,0,0,0,0,0,0,0,0,0,0,0
0,0,0,0,0,0,0,0,0,0,0,0,0,0,0,0,0,0,0,0,0,0,0,0,0,0,0,0,0,0,0,0,0,0,0,0,0,0,0,0
-1.4796363275376223e-15,-9.9701950644434266e-16,0,4.4460399412375642e-16,0,0,4.8049733290101261e-16,1.9309621633725521e-15,0,0,0,2.2702460808347088e-15,0,0,0,7.9472691575589358e-16,1.2515611656654956e-15,-2.8892926458576665e-16,5.655305469593982e-16,0,-4.4029299346892605e-16,0,1.0969757469674545e-15,0,1.4003328678509385e-15,0,-2.2545359490037465e-16,-1.8403594959277327e-15,-2.8437741540634045e-16,-1.2228581836983628e-15,0,0,-1.338123485951912e-15,0,0,-6.4820260373775322e-16,0,-1.6676400547410426e-15,0,0
-1.4697028545278159e-15,-9.9032604033690236e-16,0,4.4161915589675067e-16,0,0,4.7727151380051302e-16,1.9179987476312986e-15,0,0,0,2.2550049934982885e-15,0,0,0,7.8939156110025715e-16,1.2431589164660882e-15,-2.869895591365543e-16,5.6173388059200841e-16,0,-4.3733711318080456e-16,0,1.0896113248866704e-15,0,1.3909318609275998e-15,0,-2.2394002643297002e-16,-1.8280042498426078e-15,-2.8246828255256806e-16,-1.2146486344944557e-15,0,0,-1.3291400662715698e-15,0,0,-6.4385091903167505e-16,0,-1.6564445026398273e-15,0,0
0,0,0,0,0,0,0,0,0,0,0,0,0,0,0,0,0,0,0,0,0,0,0,0,0,0,0,0,0,0,0,0,0,0,0,0,0,0,0,0
0,0,0,0,0,0,0,0,0,0,0,0,0,0,0,0,0,0,0,0,0,0,0,0,0,0,0,0,0,0,0,0,0,0,0,0,0,0,0,0
-1.2768719924371118e-15,-8.603913450467703e-16,0,3.836769671673138e-16,0,0,4.1465158561986427e-16,1.6663497059250191e-15,0,0,0,1.9591393496376768e-15,0,0,0,6.8582023689782315e-16,1.0800514992857215e-15,-2.4933537121085442e-16,4.8803216742287245e-16,0,-3.7995674552341371e-16,0,9.4664995108203684e-16,0,1.2084359654637006e-15,0,-1.9455818726328225e-16,-1.5881628474210532e-15,-2.4540730885752181e-16,-1.0552818206882825e-15,0,0,-1.1547516525414335e-15,0,0,-5.5937510559214199e-16,0,-1.4391123655168453e-15,0,0
0,0,0,0,0,0,0,0,0,0,0,0,0,0,0,0,0,0,0,0,0,0,0,0,0,0,0,0,0,0,0,0,0,0,0,0,0,0,0,0
-1.7061366434025665e-15,-1.1496417145288851e-15,0,5.1266325025431706e-16,0,0,5.5405108000217509e-16,2.2265508274594116e-15,0,0,0,2.6177718406318867e-15,0,0,0,9.1638239338220689e-16,1.4431481598731568e-15,-3.3315809577827481e-16,6.5210107287749113e-16,0,-5.0769233152423679e-16,0,1.2648990758485539e-15,0,1.6146936133949524e-15,0,-2.599656611686755e-16,-2.1220788425362503e-15,-3.2790948259039314e-16,-1.4100514062503791e-15,0,0,-1.5429613577073011e-15,0,0,-7.4742843716253584e-16,0,-1.9229197972966093e-15,0,0
-2.6799981830421929e-17,-1.8058562110088147e-17,0,8.0529101472109816e-18,0,0,8.7030294409245835e-18,3.4974642210452753e-17,0,0,0,4.1119939034676606e-17,0,0,0,1.4394527536476333e-17,2.2668959133270853e-17,-5.2332445856907414e-18,1.0243198382467693e-17,0,-7.974827606108426e-18,0,1.9869023897311534e-17,0,2.5363594277252172e-17,0,-4.083538394087469e-18,-3.3333595284486351e-17,-5.1507994940375811e-18,-2.2149076118281275e-17,0,0,-2.4236823736083464e-17,0,0,-1.1740599604799974e-17,0,-3.0205208133978151e-17,0,0
0,0,0,0,0,0,0,0,0,0,0,0,0,0,0,0,0,0,0,0,0,0,0,0,0,0,0,0,0,0,0,0,0,0,0,0,0,0,0,0
-2.4874612744714105e-16,-1.6761196486364462e-16,0,7.474372251293636e-17,0,0,8.0777859497722888e-17,3.2461989779083305e-16,0,0,0,3.8165793178863516e-16,0,0,0,1.3360394937340908e-16,2.1040373848668685e-16,-4.8572773488052832e-17,9.5073055877521403e-17,0,-7.40189865648868e-17,0,1.8441592063197766e-16,0,2.3541419943427279e-16,0,-3.7901683673698195e-17,-3.0938839251462861e-16,-4.7807548703380026e-17,-2.0557839030952612e-16,0,0,-2.2495598951364235e-16,0,0,-1.0897129820752307e-16,0,-2.8035202367341239e-16,0,0
0,0,0,0,0,0,0,0,0,0,0,0,0,0,0,0,0,0,0,0,0,0,0,0,0,0,0,0,0,0,0,0,0,0,0,0,0,0,0,0
0,0,0,0,0,0,0,0,0,0,0,0,0,0,0,0,0,0,0,0,0,0,0,0,0,0,0,0,0,0,0,0,0,0,0,0,0,0,0,0
-2.2805798827912113e-15,-1.5367172425783792e-15,0,6.8527305361389687e-16,0,0,7.4059584589350903e-16,2.9762135257785675e-15,0,0,0,3.4991555737873747e-15,0,0,0,1.2249214500787559e-15,1.9290451160546788e-15,-4.4532990135955335e-16,8.71658577311147e-16,0,-6.7862850365916052e-16,0,1.6907809948600301e-15,0,2.1583485815794426e-15,0,-3.4749412841055384e-16,-2.83656659189654e-15,-4.3831408627612359e-16,-1.8848050087360603e-15,0,0,-2.0624646637084926e-15,0,0,-9.9908192579178847e-16,0,-2.5703521833875123e-15,0,0
0,0,0,0,0,0,0,0,0,0,0,0,0,0,0,0,0,0,0,0,0,0,0,0,0,0,0,0,0,0,0,0,0,0,0,0,0,0,0,0
-2.1518124518419548e-15,-1.4499502579560825e-15,0,6.4658080034155725e-16,0,0,6.9877989393037315e-16,2.8081687535486555e-15,0,0,0,3.3015842918073619e-15,0,0,0,1.1557591982321925e-15,1.8201262081584324e-15,-4.2018541068295423e-16,8.2244246906476473e-16,0,-6.4031138010333614e-16,0,1.5953150877485501e-15,0,2.0364827750844142e-15,0,-3.2787372191815125e-16,-2.6764066376143815e-15,-4.1356574232104346e-16,-1.7783840010012668e-15,0,0,-1.9460126682958401e-15,0,0,-9.4267111969142817e-16,0,-2.4252234640290918e-15,0,0
-1.6034607918440579e-15,-1.0804558516389171e-15,0,4.8181097512308563e-16,0,0,5.2070810448954239e-16,2.0925561444344121e-15,0,0,0,2.4602332415632434e-15,0,0,0,8.6123424870840674e-16,1.3562990130549764e-15,-3.131085347491899e-16,6.1285740115648896e-16,0,-4.7713927078162294e-16,0,1.1887769660326388e-15,0,1.5175208290156366e-15,0,-2.4432083028399056e-16,-1.9943712615622458e-15,-3.0817575897151568e-16,-1.3251939515285488e-15,0,0,-1.4501053708645484e-15,0,0,-7.024479171688987e-16,0,-1.8071977325262532e-15,0,0
-1.4168338108172811e-15,-9.5470142276216259e-16,0,4.2573294709187786e-16,0,0,4.6010279123437879e-16,1.849003255396226e-15,0,0,0,2.1738863422056387e-15,0,0,0,7.6099504624135275e-16,1.198439176741087e-15,-2.7666578922652088e-16,5.41526850844073e-16,0,-4.2160495849321363e-16,0,1.0504150870107145e-15,0,1.3408963541838674e-15,0,-2.1588430635321819e-16,-1.7622462234110595e-15,-2.7230714296840746e-16,-1.1709544399103426e-15,0,0,-1.2813273857396694e-15,0,0,-6.2068991481974947e-16,0,-1.5968578523828554e-15,0,0
-1.3579000112044055e-15,-9.1499018885427604e-16,0,4.0802439984054663e-16,0,0,4.4096463765653951e-16,1.7720931931811275e-15,0,0,0,2.0834628222291636e-15,0,0,0,7.2934116030466353e-16,1.1485895937292769e-15,-2.6515773490732794e-16,5.190018095568578e-16,0,-4.040681207021586e-16,0,1.0067225864924959e-15,0,1.2851211404313031e-15,0,-2.0690449979779153e-16,-1.6889448391886196e-15,-2.6098040663948615e-16,-1.122248139619089e-15,0,0,-1.2280300609951791e-15,0,0,-5.9487203295008318e-16,0,-1.5304358579997781e-15,0,0
-3.280820390836166e-16,-2.2107067585436647e-16,0,9.8582723659579796e-17,0,0,1.065414055273118e-16,4.2815522309300874e-16,0,0,0,5.0338516898744867e-16,0,0,0,1.762160196627354e-16,2.7751057224250904e-16,-6.4064728160648167e-17,1.253959618864985e-16,0,-9.7626846978603318e-17,0,2.432341399522225e-16,0,3.1049797920575215e-16,0,-4.9990170628719596e-17,-4.0806574563628448e-16,-6.3055442081880365e-17,-2.7114623137463624e-16,0,0,-2.9670418000861387e-16,0,0,-1.4372695924005344e-16,0,-3.6976839500582257e-16,0,0
0,0,0,0,0,0,0,0,0,0,0,0,0,0,0,0,0,0,0,0,0,0,0,0,0,0,0,0,0,0,0,0,0,0,0,0,0,0,0,0
0,0,0,0,0,0,0,0,0,0,0,0,0,0,0,0,0,0,0,0,0,0,0,0,0,0,0,0,0,0,0,0,0,0,0,0,0,0,0,0
0,0,0,0,0,0,0,0,0,0,0,0,0,0,0,0,0,0,0,0,0,0,0,0,0,0,0,0,0,0,0,0,0,0,0,0,0,0,0,0
-2.576289884347765e-15,-1.7359746495190201e-15,0,7.7412855678632669e-16,0,0,8.366247122775579e-16,3.3621221600641004e-15,0,0,0,3.9528711013247456e-15,0,0,0,1.3837500803260674e-15,2.1791735218624e-15,-5.0307330204418148e-16,9.8468162453463652e-16,0,-7.666224155055551e-16,0,1.9100150385869532e-15,0,2.4382095379016843e-15,0,-3.9255172840239113e-16,-3.2043679911103809e-15,-4.951477735754006e-16,-2.1291968839085018e-15,0,0,-2.3298928704309357e-15,0,0,-1.1286271447448612e-15,0,-2.903635295934846e-15,0,0
0,0,0,0,0,0,0,0,0,0,0,0,0,0,0,0,0,0,0,0,0,0,0,0,0,0,0,0,0,0,0,0,0,0,0,0,0,0,0,0
0,0,0,0,0,0,0,0,0,0,0,0,0,0,0,0,0,0,0,0,0,0,0,0,0,0,0,0,0,0,0,0,0,0,0,0,0,0,0,0
0,0,0,0,0,0,0,0,0,0,0,0,0,0,0,0,0,0,0,0,0,0,0,0,0,0,0,0,0,0,0,0,0,0,0,0,0,0,0,0
0,0,0,0,0,0,0,0,0,0,0,0,0,0,0,0,0,0,0,0,0,0,0,0,0,0,0,0,0,0,0,0,0,0,0,0,0,0,0,0
-2.9134801481225459e-15,-1.9631826614113952e-15,0,8.7544814977760354e-16,0,0,9.4612394362179192e-16,3.8021640347339451e-15,0,0,0,4.4702316257276206e-15,0,0,0,1.5648582181850088e-15,2.4643883616859994e-15,-5.6891656116604726e-16,1.1135587462505624e-15,0,-8.6695960909669457e-16,0,2.1600017781342462e-15,0,2.7573275067138475e-15,0,-4.4392972942796239e-16,-3.623762378899718e-15,-5.5995378791379429e-16,-2.4078707235551666e-15,0,0,-2.6348340488049037e-15,0,0,-1.2763442909109724e-15,0,-3.2836691214564598e-15,0,0
-1.439338073327509e-16,-9.6986549627483171e-17,0,4.3249508904249476e-17,0,0,4.6741084591950109e-17,1.8783720581994599e-16,0,0,0,2.2084154020724438e-16,0,0,0,7.7308233874756962e-17,1.2174746011042921e-16,-2.8106022262665579e-17,5.5012821234308931e-17,0,-4.2830151494742242e-17,0,1.067099386140358e-16,0,1.3621945476563236e-16,0,-2.1931330748194041e-17,-1.7902368241997719e-16,-2.7663234135127169e-17,-1.1895533511381361e-16,0,0,-1.3016794698798221e-16,0,0,-6.3054866364174028e-17,0,-1.622221486364777e-16,0,0
0,0,0,0,0,0,0,0,0,0,0,0,0,0,0,0,0,0,0,0,0,0,0,0,0,0,0,0,0,0,0,0,0,0,0,0,0,0,0,0
0,0,0,0,0,0,0,0,0,0,0,0,0,0,0,0,0,0,0,0,0,0,0,0,0,0,0,0,0,0,0,0,0,0,0,0,0,0,0,0
-6.1394869722990772e-16,-4.1369547071087138e-16,0,1.84480493659316e-16,0,0,1.9937379456154956e-16,8.0121831156585452e-16,0,0,0,9.4199815201483463e-16,0,0,0,3.2975776142086122e-16,5.1931298828585535e-16,-1.1988603903438888e-16,2.3465681963052943e-16,0,-1.8269173212828233e-16,0,4.55170518382517e-16,0,5.8104316129497266e-16,0,-9.3547946586210434e-17,-7.636243423887485e-16,-1.17997340850469e-16,-5.0740322859142706e-16,0,0,-5.552305204416675e-16,0,0,-2.689601187471117e-16,0,-6.9195751999627259e-16,0,0
-4.2384990814683682e-15,-2.8560167977061037e-15,0,1.2735923867444616e-15,0,0,1.3764107515963457e-15,5.5313466446862882e-15,0,0,0,6.5032436833106604e-15,0,0,0,2.2765384768416242e-15,3.5851652050757077e-15,-8.2765362751451e-16,1.6199931809085673e-15,0,-1.2612432816482043e-15,0,3.1423469681630001e-15,0,4.0113299272124484e-15,0,-6.4582408228230394e-16,-5.2718102439334134e-15,-8.1461466702227332e-16,-3.5029439286439696e-15,0,0,-3.8331277476372997e-15,0,0,-1.8568116286204897e-15,0,-4.7770460174644414e-15,0,0
-1.6525057994350948e-15,-1.1135036891089909e-15,0,4.9654813079544878e-16,0,0,5.366349708758834e-16,2.1565611303024992e-15,0,0,0,2.5354844956302627e-15,0,0,0,8.8757676160977866e-16,1.3977840398335319e-15,-3.2268556570687985e-16,6.3160287555393707e-16,0,-4.9173348964413693e-16,0,1.2251380787550161e-15,0,1.5639371757339882e-15,0,-2.5179388434026003e-16,-2.0553730921158428e-15,-3.1760191218547596e-16,-1.3657276544282193e-15,0,0,-1.4944597217519278e-15,0,0,-7.2393364902983287e-16,0,-1.8624744673893584e-15,0,0
-1.5363657239052687e-15,-1.0352453622001004e-15,0,4.6165010867077558e-16,0,0,4.98919611289524e-16,2.0049953840614197e-15,0,0,0,2.3572873982527975e-15,0,0,0,8.251968084509989e-16,1.2995461115230438e-15,-3.000068408792972e-16,5.8721305516189139e-16,0,-4.5717385718189183e-16,0,1.1390338974139459e-15,0,1.4540217335752971e-15,0,-2.3409748671776598e-16,-1.9109190344999104e-15,-2.9528047644295701e-16,-1.2697426219991908e-15,0,0,-1.3894273186550394e-15,0,0,-6.730547621684312e-16,0,-1.7315774897315862e-15,0,0
0,0,0,0,0,0,0,0,0,0,0,0,0,0,0,0,0,0,0,0,0,0,0,0,0,0,0,0,0,0,0,0,0,0,0,0,0,0,0,0
-2.1831751172634662e-15,-1.4710832005944852e-15,0,6.5600467715447178e-16,0,0,7.0896456514859965e-16,2.8490975973182201e-15,0,0,0,3.3497046570573523e-15,0,0,0,1.1726043542124756e-15,1.8466544330334898e-15,-4.2630959124050083e-16,8.3442952051562998e-16,0,-6.4964388323706561e-16,0,1.6185667774253911e-15,0,2.0661642918638626e-15,0,-3.3265244357854359e-16,-2.7154150459342838e-15,-4.1959344053194188e-16,-1.8043038444619589e-15,0,0,-1.9743755665346504e-15,0,0,-9.5641052349148496e-16,0,-2.4605709959509611e-15,0,0
0,0,0,0,0,0,0,0,0,0,0,0,0,0,0,0,0,0,0,0,0,0,0,0,0,0,0,0,0,0,0,0,0,0,0,0,0,0,0,0
-1.6253412410584126e-15,-1.0951995188770622e-15,0,4.8838569779923271e-16,0,0,5.2781354624670349e-16,2.1211108956357754e-15,0,0,0,2.4938051806694308e-15,0,0,0,8.7298646027464573e-16,1.3748067888316013e-15,-3.173811277538182e-16,6.2122031626340828e-16,0,-4.8365020128892993e-16,0,1.2049988116428611e-15,0,1.5382285611145177e-15,0,-2.4765480490394269e-16,-2.0215862183992897e-15,-3.1238106579639646e-16,-1.3432773637985992e-15,0,0,-1.4698932251827113e-15,0,0,-7.1203336551650198e-16,0,-1.8318584615108517e-15,0,0
0,0,0,0,0,0,0,0,0,0,0,0,0,0,0,0,0,0,0,0,0,0,0,0,0,0,0,0,0,0,0,0,0,0,0,0,0,0,0,0
0,0,0,0,0,0,0,0,0,0,0,0,0,0,0,0,0,0,0,0,0,0,0,0,0,0,0,0,0,0,0,0,0,0,0,0,0,0,0,0
-2.1487580510341558e-15,-1.4478920737733729e-15,0,6.4566293426408881e-16,0,0,6.9778796540957916e-16,2.8041826164988768e-15,0,0,0,3.2968976585102039e-15,0,0,0,1.1541186012924793e-15,1.8175425459110699e-15,-4.1958894066940959e-16,8.2127499296565229e-16,0,-6.3940246081137307e-16,0,1.5930505451640657e-15,0,2.0335918516354353e-15,0,-3.2740830378341461e-16,-2.6726074830877092e-15,-4.1297869554903703e-16,-1.7758595251810938e-15,0,0,-1.943250282096607e-15,0,0,-9.4133301939300319e-16,0,-2.4217809103732136e-15,0,0
-7.1517151670696076e-16,-4.8190218998359307e-16,0,2.1489612330623784e-16,0,0,2.3224491978300241e-16,9.3331659370107008e-16,0,0,0,1.0973070427289493e-15,0,0,0,3.8412552405244415e-16,6.0493303735801056e-16,-1.396518704959232e-16,2.7334512890570841e-16,0,-2.1281244872577187e-16,0,5.3021530816864306e-16,0,6.7684078768442111e-16,0,-1.0897136438197208e-16,-8.8952446093243072e-16,-1.3745178182476896e-16,-5.9105969647316918e-16,0,0,-6.4677233566675513e-16,0,0,-3.1330404054132803e-16,0,-8.0604179362355334e-16,0,0
0,0,0,0,0,0,0,0,0,0,0,0,0,0,0,0,0,0,0,0,0,0,0,0,0,0,0,0,0,0,0,0,0,0,0,0,0,0,0,0
0,0,0,0,0,0,0,0,0,0,0,0,0,0,0,0,0,0,0,0,0,0,0,0,0,0,0,0,0,0,0,0,0,0,0,0,0,0,0,0
0,0,0,0,0,0,0,0,0,0,0,0,0,0,0,0,0,0,0,0,0,0,0,0,0,0,0,0,0,0,0,0,0,0,0,0,0,0,0,0
-2.0933551082619097e-15,-1.4105600495352053e-15,0,6.2901534871875279e-16,0,0,6.7979640327474659e-16,2.7318803076377234e-15,0,0,0,3.2118913377478936e-15,0,0,0,1.1243611691851333e-15,1.7706796010712785e-15,-4.0877039763906125e-16,8.0009948692165e-16,0,-6.229162879820482e-16,0,1.5519757999693366e-15,0,1.981158394618026e-15,0,-3.1896648226350263e-16,-2.603697752938546e-15,-4.0233056495976441e-16,-1.7300713592722497e-15,0,0,-1.8931459539259102e-15,0,0,-9.1706192556414165e-16,0,-2.3593384885345738e-15,0,0
-3.0914400762747799e-15,-2.0830971157541865e-15,0,9.2892197501247796e-16,0,0,1.0039147781514663e-15,4.0344064928274446e-15,0,0,0,4.7432803195715696e-15,0,0,0,1.6604422863926308e-15,2.6149171278414029e-15,-6.0366693486010219e-16,1.1815767624645036e-15,0,-9.1991494428873095e-16,0,2.2919381710974178e-15,0,2.9257496321217612e-15,0,-4.710456628195163e-16,-3.8451077581267909e-15,-5.9415666068656772e-16,-2.5549474069340352e-15,0,0,-2.7957741204314834e-15,0,0,-1.3543055210136134e-15,0,-3.484241017652121e-15,0,0
0,0,0,0,0,0,0,0,0,0,0,0,0,0,0,0,0,0,0,0,0,0,0,0,0,0,0,0,0,0,0,0,0,0,0,0,0,0,0,0
0,0,0,0,0,0,0,0,0,0,0,0,0,0,0,0,0,0,0,0,0,0,0,0,0,0,0,0,0,0,0,0,0,0,0,0,0,0,0,0
-3.2231393000127203e-15,-2.1718394870885987e-15,0,9.6849514254996206e-16,0,0,1.0466827422077568e-15,4.2062766776053938e-15,0,0,0,4.9453497700179764e-15,0,0,0,1.7311790666090215e-15,2.7263157246907362e-15,-6.2938386099036761e-16,1.2319133894209849e-15,0,-9.5910440590110885e-16,0,2.3895775647515523e-15,0,3.0503901067937579e-15,0,-4.9111277331247713e-16,-4.0089141892468792e-15,-6.1946849330980877e-16,-2.6637911406562128e-15,0,0,-2.9148773289690419e-15,0,0,-1.4120005349411296e-15,0,-3.6326740125377805e-15,0,0
-1.1396009065627939e-16,-7.6789432812008604e-17,0,3.4242948019090396e-17,0,0,3.7007415404744667e-17,1.4872074785970957e-16,0,0,0,1.7485204515474976e-16,0,0,0,6.12090558406538e-17,9.6393970671539983e-17,-2.2253037832028165e-17,4.3556588126131212e-17,0,-3.3910921029934061e-17,0,8.4487956450925329e-17,0,1.0785221548296743e-16,0,-1.7364206851576434e-17,-1.4174261250754283e-16,-2.1902460490454716e-17,-9.4183294088545064e-17,0,0,-1.0306091405981938e-16,0,0,-4.9923906844209198e-17,0,-1.2843994683602424e-16,0,0
0,0,0,0,0,0,0,0,0,0,0,0,0,0,0,0,0,0,0,0,0,0,0,0,0,0,0,0,0,0,0,0,0,0,0,0,0,0,0,0
0,0,0,0,0,0,0,0,0,0,0,0,0,0,0,0,0,0,0,0,0,0,0,0,0,0,0,0,0,0,0,0,0,0,0,0,0,0,0,0
0,0,0,0,0,0,0,0,0,0,0,0,0,0,0,0,0,0,0,0,0,0,0,0,0,0,0,0,0,0,0,0,0,0,0,0,0,0,0,0
0,0,0,0,0,0,0,0,0,0,0,0,0,0,0,0,0,0,0,0,0,0,0,0,0,0,0,0,0,0,0,0,0,0,0,0,0,0,0,0
0,0,0,0,0,0,0,0,0,0,0,0,0,0,0,0,0,0,0,0,0,0,0,0,0,0,0,0,0,0,0,0,0,0,0,0,0,0,0,0
0,0,0,0,0,0,0,0,0,0,0,0,0,0,0,0,0,0,0,0,0,0,0,0,0,0,0,0,0,0,0,0,0,0,0,0,0,0,0,0
-1.2742045798070896e-15,-8.5859394113269667e-16,0,3.8287546224097442e-16,0,0,4.1378536208239874e-16,1.6628686122700407e-15,0,0,0,1.955046486436544e-15,0,0,0,6.8438753360710171e-16,1.0777952152724729e-15,-2.4881449888785223e-16,4.8701265739173349e-16,0,-3.7916299624249762e-16,0,9.4467234090843486e-16,0,1.205911595522646e-15,0,-1.9415175703238799e-16,-1.5848451252457765e-15,-2.4489464216619614e-16,-1.0530773115639347e-15,0,0,-1.1523393027076533e-15,0,0,-5.5820657070184548e-16,0,-1.436106033828803e-15,0,0
-1.0564850309898572e-15,-7.118885758220807e-16,0,3.1745466080155172e-16,0,0,3.4308309845860867e-16,1.3787392451683478e-15,0,0,0,1.6209936326983931e-15,0,0,0,5.6744828249154114e-16,8.9363553534192947e-16,-2.06300313843493e-16,4.037982612991193e-16,0,-3.1437656954100919e-16,0,7.8325904256213602e-16,0,9.9986109022414402e-16,0,-1.6097763224383452e-16,-1.3140474214591558e-15,-2.0305023518998845e-16,-8.7314120260619725e-16,0,0,-9.554425765910101e-16,0,0,-4.6282748446745906e-16,0,-1.1907229183498371e-15,0,0
0,0,0,0,0,0,0,0,0,0,0,0,0,0,0,0,0,0,0,0,0,0,0,0,0,0,0,0,0,0,0,0,0,0,0,0,0,0,0,0
-9.8126681120778081e-16,-6.6120445359898832e-16,0,2.948529365628304e-16,0,0,3.1865670643282397e-16,1.2805775498231126e-15,0,0,0,1.5055842289646922e-15,0,0,0,5.270478284623856e-16,8.3001166136054756e-16,-1.9161241843096861e-16,3.750491689759203e-16,0,-2.9199398860761032e-16,0,7.2749356968846508e-16,0,9.2867421787540608e-16,0,-1.4951654854854479e-16,-1.2204915736437343e-15,-1.8859372535585229e-16,-8.1097639581602008e-16,0,0,-8.874182076299645e-16,0,0,-4.2987570582755984e-16,0,-1.1059473081865352e-15,0,0
0,0,0,0,0,0,0,0,0,0,0,0,0,0,0,0,0,0,0,0,0,0,0,0,0,0,0,0,0,0,0,0,0,0,0,0,0,0,0,0
-1.3149598877015855e-16,-8.8605601983210197e-17,0,3.9512167930391988e-17,0,0,4.2702024526580228e-17,1.7160552668660163e-16,0,0,0,2.0175784820093559e-16,0,0,0,7.06277578116562e-17,1.1122683444949797e-16,-2.5677281017866981e-17,5.0258971240574828e-17,0,-3.9129047649159477e-17,0,9.7488760755866166e-17,0,1.2444825113252914e-16,0,-2.0036167320606449e-17,-1.6355361825511245e-16,-2.5272756611104049e-17,-1.0867598811139674e-16,0,0,-1.1891968032069013e-16,0,0,-5.7606075468054525e-17,0,-1.4820396511765584e-16,0,0
0,0,0,0,0,0,0,0,0,0,0,0,0,0,0,0,0,0,0,0,0,0,0,0,0,0,0,0,0,0,0,0,0,0,0,0,0,0,0,0
0,0,0,0,0,0,0,0,0,0,0,0,0,0,0,0,0,0,0,0,0,0,0,0,0,0,0,0,0,0,0,0,0,0,0,0,0,0,0,0
0,0,0,0,0,0,0,0,0,0,0,0,0,0,0,0,0,0,0,0,0,0,0,0,0,0,0,0,0,0,0,0,0,0,0,0,0,0,0,0
6.1584169939999083e-15,0,0,-7.2636531121481052e-15
3.3916598930007523e-15,0,0,-4.0003528037325063e-15
0,0,0,0
1.0187675220573941e-14,0,0,-1.2016033106672028e-14
0,0,0,0
0,0,0,0
3.478263929659821e-15,0,0,-4.1024994714572178e-15
1.586868686956767e-15,0,0,-1.8716601161858576e-15
0,0,0,0
0,0,0,0
0,0,0,0
4.1148699641353932e-15,0,0,-4.853355639199055e-15
0,0,0,0
0,0,0,0
0,0,0,0
7.9015358370334264e-15,0,0,-9.3196053630416331e-15
9.9952742277039687e-15,0,0,-1.1789101968674286e-14
5.6806349310904378e-15,0,0,-6.7001246334386609e-15
3.6400690336837842e-15,0,0,-4.2933436177701369e-15
0,0,0,0
3.7692601928649046e-15,0,0,-4.4457201862999757e-15
0,0,0,0
9.3102784450313996e-17,0,0,-1.0981171370987695e-16
0,0,0,0
6.9177947367075974e-15,0,0,-8.1593150679372221e-15
0,0,0,0
1.550619594341664e-15,0,0,-1.8289054928984864e-15
5.3475764940323633e-15,0,0,-6.3072931988752187e-15
4.4374984609974518e-15,0,0,-5.233885614269523e-15
9.7003028388774207e-16,0,0,-1.1441192714710239e-15
0,0,0,0
0,0,0,0
1.1304816810312271e-14,0,0,-1.3333664853926609e-14
0,0,0,0
0,0,0,0
3.3264235329855943e-15,0,0,-3.9234087543203993e-15
0,0,0,0
5.0758013142246112e-15,0,0,-5.9867428973492485e-15
0,0,0,0
0,0,0,0
